date,season,holiday,snowfall,rainfall,rent_count,temperature,humidity,wind_speed,visibility,dewpoint_temp,solar_radiation,rep_count,predicted_rep_count,predicted_rent_count
24/11/2018,Autumn,No Holiday,787,10.9,6477,2.6,84.5,1.7,10460,0,0,1382,1514.8794,7926.544
25/11/2018,Autumn,No Holiday,414,0,11212,4.1,81.5,0.95,4295,0.75,0,1338,1617.1931,8715.089
26/11/2018,Autumn,No Holiday,29,0,17162,5.8,70.5,1.1,4675,1,0,1007,1317.4122,10774.069
27/11/2018,Autumn,No Holiday,0,0,16282,6.5,73,1.2,3725,1.35,0,1054,1317.4607,11003.526
28/11/2018,Autumn,No Holiday,0,0,16524,4.6,26,1.6,14640,-12.95,0,954,724.86737,10947.902
29/11/2018,Autumn,No Holiday,0,0,16423,2.8,35.5,1,15440,-11.3,0,893,740.295,10865.774 
30/11/2018,Autumn,No Holiday,0,0,16297,2,43,1.3,14100,-7.8,0,982,841.2772,10400.632
