"","date","season","holiday","snowfall","rainfall","rent_count","temperature","humidity","wind_speed","visibility","dewpoint_temp","solar_radiation","rep_count","rep_count_smooth"
"1",2017-12-01,"Winter","No Holiday",-0.207935018086612,-0.301216703609661,-0.718560149173275,-1.21069089636016,-1.29074036825483,-0.366447407941979,0.950591172001948,-1.64331655341081,-0.701162247069971,732,732
"2",2017-12-02,"Winter","No Holiday",-0.207935018086612,-0.301216703609661,-0.817598625917283,-0.877656055764478,-0.161707720214059,-0.0660469499996491,-0.0529732073705069,-0.732614678561026,-0.701162247069971,758,750.2
"3",2017-12-03,"Winter","No Holiday",-0.207935018086612,0.0364235169432028,-0.944418565133774,-0.733048822347933,1.65728932385163,-0.0660469499996491,-2.03317268938807,-0.102424351660754,-0.701162247069971,716,726.26
"4",2017-12-04,"Winter","No Holiday",-0.207935018086612,-0.292775698095839,-0.797517989884541,-1.13619626096376,-0.914396152241242,2.93795762942364,0.794401366983337,-1.30132302234908,-0.701162247069971,629,658.178
"5",2017-12-05,"Winter","No Holiday",-0.207935018086612,-0.301216703609661,-0.838654050106954,-1.44732091467814,-1.47891247626163,-2.46925061353828,0.950591172001948,-1.66637229707789,-0.701162247069971,577,601.3534
"6",2017-12-06,"Winter","No Holiday",0.784625842275119,-0.19148363192998,-0.99832435021196,-1.01349921442851,1.15549703583351,-1.64314935419688,-0.132863394994969,-0.790254037728734,-0.701162247069971,707,675.30602
"7",2017-12-07,"Winter","No Holiday",0.9923711386299,-0.301216703609661,-0.815064176709267,-0.991589027547211,0.559618693811991,0.309453622428263,-1.32852328168916,-0.498214617945681,-0.701162247069971,790,755.591806
"8",2017-12-08,"Winter","No Holiday",-0.207935018086612,-0.301216703609661,-0.865460724422508,-1.42102869042059,-1.0712062422469,-0.141147064485232,0.840181137419827,-1.49729684351928,-0.701162247069971,711,724.3775418
"9",2017-12-09,"Winter","No Holiday",-0.207935018086612,-0.301216703609661,-0.943346298161152,-1.14057829834002,-0.632137990231048,-1.1174485527978,0.859031631128969,-1.13609019273498,-0.701162247069971,562,610.71326254
"10",2017-12-10,"Winter","No Holiday",3.54302172165249,0.0448645224570243,-1.3118162214804,-1.08361181244865,0.371446585805195,-0.817048094855472,-1.04576587605202,-0.53664085739082,-0.701162247069971,711,680.913978762
"11",2017-12-11,"Winter","No Holiday",-0.207935018086612,-0.301216703609661,-1.07835445789585,-1.61822037235224,-1.2593783502537,3.08815785839481,0.950591172001948,-1.68942804074498,-0.701162247069971,576,607.4741936286
"12",2017-12-12,"Winter","No Holiday",-0.207935018086612,-0.301216703609661,-1.11266700101976,-1.93372706344289,-0.820310098237844,0.760054309341757,0.930843035735227,-1.84313299852553,-0.701162247069971,542,561.64225808858
"13",2017-12-13,"Winter","No Holiday",-0.207935018086612,-0.301216703609661,-1.06168558041236,-1.90743483918533,-1.19665431425143,0.00905316448593294,0.913787827141241,-1.87003136613713,-0.701162247069971,537,544.392677426574
"14",2017-12-14,"Winter","No Holiday",-0.207935018086612,-0.301216703609661,-1.02474110926474,-1.62698444710476,-0.883034134240109,-1.1174485527978,0.321343739139613,-1.697113288634,-0.701162247069971,623,599.417803227972
"15",2017-12-15,"Winter","No Holiday",-0.207935018086612,-0.301216703609661,-0.946758056710404,-1.35091609240045,-0.475327900225385,-1.26764878176897,-0.903040709397085,-1.29748039840456,-0.701162247069971,714,679.625340968392
"16",2017-12-16,"Winter","No Holiday",-0.207935018086612,-0.301216703609661,-1.19688869777844,-1.57439999858965,-1.0712062422469,1.81145591213991,0.902118473892724,-1.73938215202366,-0.701162247069971,635,648.387602290518
"17",2017-12-17,"Winter","No Holiday",-0.207935018086612,-0.301216703609661,-1.28033056401158,-1.73215334413497,-1.13393027824917,0.459653851399427,0.950591172001948,-1.8354477506365,-0.701162247069971,396,471.716280687155
"18",2017-12-18,"Winter","No Holiday",6.68228397768029,-0.0142225161397267,-1.3930160749526,-1.32024183076663,1.4377551978437,-1.04234843831222,-1.80606912232078,-0.671132695448804,-0.701162247069971,774,683.314884206147
"19",2017-12-19,"Winter","No Holiday",6.20908635820551,-0.301216703609661,-1.22593738485493,-1.43417480254937,-0.161707720214059,0.684954194856174,0.613975212910114,-1.29748039840456,-0.701162247069971,880,820.994465261844
"20",2017-12-20,"Winter","No Holiday",5.36656376743334,-0.284334692582018,-1.20312734198279,-1.43855683992562,0.559618693811991,-0.817048094855472,0.397643356533762,-1.2513689110704,-0.701162247069971,880,862.298339578553
"21",2017-12-21,"Winter","No Holiday",4.28167166424727,-0.301216703609661,-1.08946704288484,-1.21945497111268,1.12413501783238,-0.591747751398726,-1.35724784353167,-0.68650319122686,-0.701162247069971,986,948.889501873566
"22",2017-12-22,"Winter","Holiday",0.680753194097729,-0.301216703609661,-0.948122760130105,-0.781251233486782,0.622342729814256,-1.26764878176897,-1.20823917897368,-0.594280216558527,-0.701162247069971,910,921.66685056207
"23",2017-12-23,"Winter","No Holiday",-0.207935018086612,-0.301216703609661,-1.00271089691814,-0.6191158505652,1.15549703583351,-0.817048094855472,-2.16692143046723,-0.152378462939434,-0.701162247069971,709,772.800055168621
"24",2017-12-24,"Winter","Holiday",-0.207935018086612,1.38698439915466,-1.45208823726251,-0.733048822347933,1.56320326984823,-0.666847865884308,-2.22077998392192,-0.144693215050407,-0.701162247069971,690,714.840016550586
"25",2017-12-25,"Winter","Holiday",-0.207935018086612,-0.301216703609661,-1.26180958902993,-1.26765738225153,-0.820310098237844,1.36085522522641,0.950591172001948,-1.37049025335033,-0.701162247069971,475,546.952004965176
"26",2017-12-26,"Winter","No Holiday",-0.207935018086612,-0.301216703609661,-1.10204181010923,-1.34653405502419,-1.29074036825483,2.18695648456782,0.946102959214057,-1.70479853652303,-0.701162247069971,507,518.985601489553
"27",2017-12-27,"Winter","No Holiday",-0.207935018086612,-0.301216703609661,-1.12680142929523,-1.69271500774864,-1.54163651226389,0.684954194856174,0.950591172001948,-1.96225434080546,-0.701162247069971,532,528.095680446866
"28",2017-12-28,"Winter","No Holiday",-0.207935018086612,-0.301216703609661,-1.00563526138893,-1.24136515799397,-1.13393027824917,-0.516647636913143,0.545754378534169,-1.42428698857352,-0.701162247069971,562,551.82870413406
"29",2017-12-29,"Winter","No Holiday",-0.207935018086612,-0.301216703609661,-0.901430407413196,-1.01788125180477,0.402808603806328,-1.1174485527978,-1.75221056886609,-0.555853977113389,-0.701162247069971,704,658.348611240218
"30",2017-12-30,"Winter","No Holiday",-0.207935018086612,-0.259011676040553,-1.25586338127266,-0.974060878042176,1.4377551978437,-1.19254866728338,-2.19385070719457,-0.528955609501792,-0.701162247069971,688,679.104583372065
"31",2017-12-31,"Winter","Holiday",1.44248594739859,-0.199924637443802,-1.31474058595118,-1.10113996195369,-0.224431756216324,0.760054309341757,-0.675039499772216,-0.85557864478547,-0.701162247069971,645,655.23137501162
"32",2018-01-01,"Winter","Holiday",-0.207935018086612,-0.301216703609661,-1.23022645274542,-1.24136515799397,-1.13393027824917,-0.817048094855472,0.801582507443963,-1.34359188573873,-0.701162247069971,544,577.369412503486
"33",2018-01-02,"Winter","No Holiday",-0.207935018086612,-0.301216703609661,-1.02006212611148,-1.28956756913282,-1.29074036825483,0.459653851399427,0.531392097612917,-1.35896238151678,-0.701162247069971,514,533.010823751046
"34",2018-01-03,"Winter","No Holiday",-0.207935018086612,-0.301216703609661,-1.01362852427575,-1.53057962482706,-0.977120188243507,0.835154423827339,0.925457180389758,-1.53188045901991,-0.701162247069971,450,474.903247125314
"35",2018-01-04,"Winter","No Holiday",-0.207935018086612,-0.301216703609661,-1.01937977440163,-1.48237721368821,-0.851672116238976,-0.366447407941979,0.690274830304263,-1.47039847590769,-0.701162247069971,473,473.570974137594
"36",2018-01-05,"Winter","No Holiday",-0.207935018086612,-0.301216703609661,-0.969275663135469,-1.42541072779685,-0.475327900225385,-0.216247178970814,-0.0942647650191052,-1.27058203079297,-0.701162247069971,502,493.471292241278
"37",2018-01-06,"Winter","No Holiday",-0.207935018086612,-0.301216703609661,-1.14347030677872,-1.36844424190548,-0.694862026233313,-0.366447407941979,0.12565766158756,-1.32437876601616,-0.701162247069971,491,491.741387672383
"38",2018-01-07,"Winter","No Holiday",-0.207935018086612,-0.301216703609661,-1.18889543489162,-1.04417347606232,-1.1652922962503,-1.41784901074013,-0.0897765522312141,-1.26673940684845,-0.701162247069971,518,510.122416301715
"39",2018-01-08,"Winter","No Holiday",0.311428222800341,-0.225247653985266,-1.09170905564578,-1.0354094013098,-0.945758170242374,-0.591747751398726,-0.364455174850151,-1.0861360814563,-0.701162247069971,627,591.936724890514
"40",2018-01-09,"Winter","No Holiday",1.03853676004207,-0.301216703609661,-1.11227708575699,-1.46923110155944,0.0264643877927365,2.33715671353899,0.148098725527015,-1.1975721758472,-0.701162247069971,677,651.481017467154
"41",2018-01-10,"Winter","No Holiday",0.969288327923814,-0.233688659499088,-1.24280121996981,-1.70586111987742,-0.381241846221987,1.81145591213991,0.950591172001948,-1.49729684351928,-0.701162247069971,660,657.444305240146
"42",2018-01-11,"Winter","No Holiday",-0.207935018086612,-0.301216703609661,-1.25683816942959,-2.07833429685943,-0.443965882224253,1.51105545419758,0.662447911019338,-1.80854938302491,-0.701162247069971,619,630.533291572044
"43",2018-01-12,"Winter","No Holiday",-0.207935018086612,-0.301216703609661,-1.24767516075445,-2.02574984834432,-1.3534644042571,0.0841532789715157,0.950591172001948,-2.1121166746415,-0.701162247069971,577,593.059987471613
"44",2018-01-13,"Winter","No Holiday",0.0459758996803427,-0.267452681554374,-1.30694228069575,-1.51743351269829,0.559618693811991,-1.26764878176897,-1.00357667584585,-1.01696885045505,-0.701162247069971,582,585.317996241484
"45",2018-01-14,"Winter","No Holiday",-0.207935018086612,-0.301216703609661,-1.23656257576546,-1.08361181244865,0.245998513800665,-0.892148209341055,-1.66424159822342,-0.78641141378422,-0.701162247069971,554,563.395398872445
"46",2018-01-15,"Winter","No Holiday",-0.207935018086612,-0.284334692582018,-1.03097975346909,-0.728666784971674,0.277360531801797,-0.291347293456396,-1.61487125755662,-0.475158874278598,-0.701162247069971,553,556.118619661734
"47",2018-01-16,"Winter","No Holiday",-0.207935018086612,-0.301216703609661,-0.994815112847015,-0.772487158734264,0.0891884237950017,-1.34274889625455,-1.87069938646641,-0.601965464447555,-0.701162247069971,587,577.73558589852
"48",2018-01-17,"Winter","No Holiday",-0.207935018086612,-0.301216703609661,-1.03507386372819,-0.816307532496853,0.465532639808593,-1.04234843831222,-2.04484204263659,-0.444417882722487,-0.701162247069971,576,576.520675769556
"49",2018-01-18,"Winter","No Holiday",-0.207935018086612,-0.301216703609661,-1.02620329150014,-0.908330317398291,0.873238873823317,0.534753965885009,-2.09511002586097,-0.463631002445057,-0.701162247069971,578,577.556202730867
"50",2018-01-19,"Winter","No Holiday",-0.207935018086612,-0.301216703609661,-0.920048861210544,-1.10113996195369,-0.851672116238976,-0.141147064485232,0.0870590316116961,-1.16298856034658,-0.701162247069971,461,495.96686081926
"51",2018-01-20,"Winter","No Holiday",-0.207935018086612,-0.301216703609661,-1.10486869576432,-0.95653272853714,0.120550441796134,-0.291347293456396,-1.05474230162781,-0.740299926450054,-0.701162247069971,508,504.390058245778
"52",2018-01-21,"Winter","No Holiday",-0.207935018086612,-0.301216703609661,-1.16364842162715,-1.14057829834002,-1.63572256626729,-0.892148209341055,-0.240580501904356,-1.42428698857352,-0.701162247069971,438,457.917017473733
"53",2018-01-22,"Winter","No Holiday",0.507632113802078,-0.0226635216535484,-1.20946346500283,-1.11428607408246,-1.57299853026503,-1.1174485527978,0.213626632230226,-1.34359188573873,-0.701162247069971,482,474.77510524212
"54",2018-01-23,"Winter","No Holiday",2.4812124291725,-0.301216703609661,-1.26034740679453,-2.1133905958695,-1.00848220624464,3.16325797288039,0.950591172001948,-2.04294944364025,-0.701162247069971,529,512.732531572636
"55",2018-01-24,"Winter","No Holiday",2.06572183646294,-0.301216703609661,-1.34096238737258,-2.39822302532634,-1.76117063827182,2.7126572859669,0.950591172001948,-2.45026758175872,-0.701162247069971,622,589.219759471791
"56",2018-01-25,"Winter","No Holiday",1.43094454204555,-0.301216703609661,-1.34495901881599,-2.40698710007885,-1.57299853026503,1.66125568316874,0.950591172001948,-2.35804460709039,-0.701162247069971,593,591.865927841537
"57",2018-01-26,"Winter","No Holiday",0.980829733276857,-0.301216703609661,-1.3627001632721,-2.41575117483137,-1.51027449426276,1.28575511074083,0.7423380986438,-2.43105446203615,-0.701162247069971,558,568.159778352461
"58",2018-01-27,"Winter","No Holiday",0.299886817447297,-0.301216703609661,-1.38590012140702,-1.88114261492778,-1.19665431425143,-0.591747751398726,0.678605477055746,-2.02373632391768,-0.701162247069971,380,436.447933505738
"59",2018-01-28,"Winter","No Holiday",-0.207935018086612,-0.301216703609661,-1.37274048128847,-1.76282760576879,-1.4475504582605,1.21065499625525,0.926354822947336,-1.81623463091393,-0.701162247069971,291,334.634380051722
"60",2018-01-29,"Winter","No Holiday",-0.207935018086612,-0.301216703609661,-1.24991717351539,-1.90743483918533,-1.19665431425143,1.88655602662549,0.887756192971472,-1.87003136613713,-0.701162247069971,348,343.990314015516
"61",2018-01-30,"Winter","No Holiday",2.03109762040381,-0.0564275437088347,-1.32088175133984,-1.4517029520544,-0.318517810219722,-0.74194798036989,0.756700379565052,-1.63563130552178,-0.701162247069971,456,422.397094204655
"62",2018-01-31,"Winter","No Holiday",7.2708956506855,-0.301216703609661,-1.27506670796416,-1.30709571863786,-0.475327900225385,-0.0660469499996491,0.734259315625596,-1.24368366318137,-0.701162247069971,758,657.319128261396
"63",2018-02-01,"Winter","No Holiday",2.2965499435238,-0.301216703609661,-1.12426698008721,-1.48237721368821,-0.600775972229916,-0.141147064485232,0.865315129032017,-1.47808372379671,-0.701162247069971,750,722.195738478419
"64",2018-02-02,"Winter","No Holiday",-0.207935018086612,-0.301216703609661,-1.0680217034324,-1.33338794289541,-0.193069738215192,-0.216247178970814,0.369816437248837,-1.28979515051554,-0.701162247069971,661,679.358721543526
"65",2018-02-03,"Winter","No Holiday",0.0459758996803427,-0.259011676040553,-1.32770526843834,-1.67956889561987,-0.883034134240109,3.5387585453083,0.908401971795772,-1.73938215202366,-0.701162247069971,511,561.507616463058
"66",2018-02-04,"Winter","No Holiday",-0.207935018086612,-0.301216703609661,-1.40598075743976,-1.99069354933425,-0.883034134240109,2.41225682802457,0.928150108062493,-1.88155923797067,-0.701162247069971,367,425.352284938917
"67",2018-02-05,"Winter","No Holiday",-0.207935018086612,-0.301216703609661,-1.26512386876349,-1.99507558671051,-1.19665431425143,2.7126572859669,0.950591172001948,-2.00452320419511,-0.701162247069971,399,406.905685481675
"68",2018-02-06,"Winter","No Holiday",-0.207935018086612,-0.301216703609661,-1.25966505508468,-2.05642410997814,-1.38482642225823,2.41225682802457,0.929945393177649,-2.08137568308539,-0.701162247069971,487,462.971705644503
"69",2018-02-07,"Winter","No Holiday",-0.207935018086612,-0.301216703609661,-1.1905525747584,-1.75406353101627,-0.694862026233313,-0.0660469499996491,0.707330038898249,-1.91230022952678,-0.701162247069971,552,525.291511693351
"70",2018-02-08,"Winter","No Holiday",-0.207935018086612,-0.301216703609661,-1.10126197958369,-1.4736131389357,-0.945758170242374,-0.74194798036989,0.377895220267041,-1.4742410998522,-0.701162247069971,383,425.687453508005
"71",2018-02-09,"Winter","No Holiday",-0.207935018086612,-0.301216703609661,-1.03741335530482,-1.05293755081484,-1.10256826024804,-1.1174485527978,-0.451526502935239,-1.42044436462901,-0.701162247069971,404,410.506236052402
"72",2018-02-10,"Winter","No Holiday",-0.207935018086612,-0.301216703609661,-1.21706681262688,-0.974060878042176,-0.0362596482095287,1.81145591213991,-1.58614669571411,-0.674975319393318,-0.701162247069971,503,475.25187081572
"73",2018-02-11,"Winter","No Holiday",-0.207935018086612,-0.301216703609661,-1.37059594734323,-1.67080482086735,-1.32210238625597,1.58615556868316,0.92455953783218,-1.68942804074498,-0.701162247069971,458,463.175561244716
"74",2018-02-12,"Winter","No Holiday",-0.207935018086612,-0.301216703609661,-1.17924503213802,-1.59631018547095,-1.41618844025936,1.66125568316874,0.938024176195853,-1.64715917735532,-0.701162247069971,573,540.052668373415
"75",2018-02-13,"Winter","No Holiday",-0.207935018086612,-0.301216703609661,-1.03751083412051,-1.08361181244865,-0.0676216662106613,2.18695648456782,0.913787827141241,-1.16298856034658,-0.701162247069971,584,570.815800512024
"76",2018-02-14,"Winter","No Holiday",-0.207935018086612,-0.301216703609661,-0.988381511011282,-0.899566242645773,0.402808603806328,1.36085522522641,0.0134523418902817,-0.63654907994818,-0.701162247069971,654,629.044740153607
"77",2018-02-15,"Winter","Holiday",-0.207935018086612,-0.301216703609661,-1.30879437819392,-1.21069089636016,-1.76117063827182,1.21065499625525,0.950591172001948,-1.63178868157727,-0.701162247069971,668,656.313422046082
"78",2018-02-16,"Winter","Holiday",-0.207935018086612,-0.301216703609661,-1.39564800297631,-1.19754478423138,-1.2593783502537,0.309453622428263,0.862622201359282,-1.53572308296442,-0.701162247069971,619,630.194026613825
"79",2018-02-17,"Winter","Holiday",-0.207935018086612,-0.301216703609661,-1.34447162473752,-1.3552981297767,-1.82389467427409,1.28575511074083,0.950591172001948,-1.90461498163775,-0.701162247069971,483,527.158207984147
"80",2018-02-18,"Winter","No Holiday",-0.207935018086612,-0.301216703609661,-1.20371221487695,-1.15810644784505,-1.82389467427409,-0.74194798036989,0.950591172001948,-1.7509100238572,-0.701162247069971,470,487.147462395244
"81",2018-02-19,"Winter","No Holiday",-0.207935018086612,-0.301216703609661,-0.907181657539078,-0.991589027547211,-0.914396152241242,-0.141147064485232,-0.622078588875101,-0.924745875786719,-0.701162247069971,704,638.944238718573
"82",2018-02-20,"Winter","No Holiday",-0.207935018086612,-0.301216703609661,-0.872966593230863,-1.04417347606232,-1.72980862027069,1.435955339712,0.0978307423026348,-1.33974926179422,-0.701162247069971,721,696.383271615572
"83",2018-02-21,"Winter","No Holiday",-0.207935018086612,-0.301216703609661,-0.918196763712378,-1.26327534487527,-1.69844660226956,0.835154423827339,0.946102959214057,-1.66637229707789,-0.701162247069971,511,566.614981484672
"84",2018-02-22,"Winter","No Holiday",-0.207935018086612,-0.301216703609661,-0.896653945444243,-0.868891981011961,-0.0362596482095287,0.534753965885009,-0.085288339443323,-0.8363655250629,-0.701162247069971,606,594.184494445401
"85",2018-02-23,"Winter","No Holiday",4.95107317472378,0.0448645224570244,-1.08332587749619,-0.715520672842897,1.40639317984257,0.609854080370592,-2.20552006044309,-0.286870300997419,-0.701162247069971,1053,915.35534833362
"86",2018-02-24,"Winter","No Holiday",-0.207935018086612,-0.301216703609661,-1.02883521952384,-0.899566242645773,-0.851672116238976,1.435955339712,-1.4093111118712,-0.940116371564774,-0.668489679703631,1122,1060.00660450009
"87",2018-02-25,"Winter","No Holiday",-0.207935018086612,-0.301216703609661,-1.01479827006406,-1.10552199932994,-0.977120188243507,0.23435350794268,0.405722139551966,-1.20525742373623,-0.668489679703631,602,739.401981350026
"88",2018-02-26,"Winter","No Holiday",-0.207935018086612,-0.301216703609661,-0.747023963355608,-0.873274018388219,-1.1652922962503,-0.817048094855472,-0.290848485128736,-0.986227858898941,-0.668489679703631,769,760.120594405008
"89",2018-02-27,"Winter","No Holiday",-0.207935018086612,-0.301216703609661,-0.784553307397383,-0.671700299080308,-0.726224044234446,-1.26764878176897,-1.12834899134922,-0.840208149007414,-0.701162247069971,981,914.736178321502
"90",2018-02-28,"Winter","No Holiday",-0.207935018086612,1.6402145645693,-1.27604149612109,-0.658554186951531,0.0578264057938691,0.609854080370592,-1.69565908773866,-0.448260506667001,-0.701162247069971,1034,998.220853496451
"91",2018-03-01,"Spring","Holiday",-0.207935018086612,-0.090191565764121,-1.14814928993198,-1.00035310229973,-0.381241846221987,3.08815785839481,-0.379715098328981,-1.001598354677,-0.668489679703631,736,814.666256048935
"92",2018-03-02,"Spring","No Holiday",-0.207935018086612,-0.301216703609661,-0.826371719329646,-1.09675792457743,-1.47891247626163,-0.0660469499996491,0.258508760109137,-1.47808372379671,-0.635817112337292,801,805.099876814681
"93",2018-03-03,"Spring","No Holiday",-0.207935018086612,-0.301216703609661,-0.460046329955647,-0.347429533237145,-1.47891247626163,-0.0660469499996491,0.64629034498293,-1.19372955190269,-0.668489679703631,812,809.929963044404
"94",2018-03-04,"Spring","No Holiday",-0.207935018086612,-0.090191565764121,-1.19142988409964,-0.264170823088225,1.97090950386296,-0.74194798036989,-1.92814851015142,0.316421658291256,-0.701162247069971,1060,984.978988913321
"95",2018-03-05,"Spring","No Holiday",-0.207935018086612,0.753908985618038,-0.810385193556007,-0.610351775812682,0.402808603806328,0.459653851399427,0.950591172001948,-0.302240796775475,-0.635817112337292,999,994.793696673996
"96",2018-03-06,"Spring","No Holiday",-0.207935018086612,-0.301216703609661,-0.478372347305916,-0.754959009229228,-0.977120188243507,-0.516647636913143,0.731566387952861,-0.782568789839706,-0.635817112337292,1079,1053.7381090022
"97",2018-03-07,"Spring","No Holiday",-0.207935018086612,-0.301216703609661,-0.55957220077812,-0.53585714041628,-0.632137990231048,0.0841532789715154,0.883267980183581,-0.590437592614014,-0.701162247069971,1322,1241.52143270066
"98",2018-03-08,"Spring","No Holiday",-0.207935018086612,0.0786285445123107,-0.896751424259936,-0.763723083981746,1.24958308983691,0.609854080370592,-1.50984707831997,-0.210017822107142,-0.668489679703631,862,975.856429810198
"99",2018-03-09,"Spring","No Holiday",-0.207935018086612,-0.301216703609661,-0.513562199771061,-0.807543457744335,0.559618693811991,-0.516647636913143,-0.748646189493631,-0.463631002445057,-0.635817112337292,1172,1113.15692894306
"100",2018-03-10,"Spring","No Holiday",-0.207935018086612,-0.301216703609661,-0.569904955241569,-0.676082336456567,0.873238873823317,0.534753965885009,-0.971261543773031,-0.459788378500543,-0.635817112337292,1196,1171.14707868292
"101",2018-03-11,"Spring","No Holiday",-0.207935018086612,-0.301216703609661,-0.493968957816784,-0.632261962693977,-0.694862026233313,0.384553736913845,-1.46406730788348,-0.490529370056653,-0.570471977604612,964,1026.14412360488
"102",2018-03-12,"Spring","No Holiday",-0.207935018086612,-0.301216703609661,-0.348140649540173,-0.474508617148655,-0.726224044234446,-0.892148209341055,-1.2199085322222,-0.659604823615263,-0.603144544970952,920,951.843237081463
"103",2018-03-13,"Spring","No Holiday",-0.207935018086612,-0.301216703609661,-0.0923562371619465,0.0250436437448662,0.0264643877927365,-0.291347293456396,-0.942536981930527,-0.0716833601046434,-0.570471977604612,1049,1019.85297112444
"104",2018-03-14,"Spring","No Holiday",-0.207935018086612,-0.301216703609661,0.221233112922182,0.30111199844918,0.402808603806328,0.760054309341757,0.668731408922386,0.339477401958339,-0.570471977604612,858,906.555891337332
"105",2018-03-15,"Spring","No Holiday",-0.207935018086612,1.97785478512217,-1.04140998674823,0.0776280922599738,2.44133977387995,0.534753965885009,-1.88236873971493,0.531608599184032,-0.701162247069971,1415,1262.4667674012
"106",2018-03-16,"Spring","No Holiday",-0.207935018086612,-0.301216703609661,-0.159226704727291,-0.527093065663762,-0.757586062235579,0.459653851399427,0.950591172001948,-0.598122840503041,-0.505126842871933,1234,1242.54003022036
"107",2018-03-17,"Spring","No Holiday",-0.207935018086612,-0.301216703609661,-0.148309077369684,-0.527093065663762,-0.475327900225385,-0.441547522427561,0.551140233879638,-0.717244182782971,-0.505126842871933,1001,1073.46200906611
"108",2018-03-18,"Spring","No Holiday",-0.207935018086612,-0.301216703609661,-0.71173663207477,-0.435070280762324,-0.224431756216324,-0.74194798036989,-1.13822305948258,-0.436732634833459,-0.668489679703631,1132,1114.43860271983
"109",2018-03-19,"Spring","No Holiday",-0.207935018086612,-0.174601620902337,-0.774220552933933,-0.404396019128511,0.371446585805195,1.58615556868316,0.233374768496947,-0.0447849924930464,-0.668489679703631,1120,1118.33158081595
"110",2018-03-20,"Spring","No Holiday",-0.207935018086612,-0.301216703609661,-0.525942009364062,-0.693610485961602,-1.00848220624464,2.63755717148131,0.950591172001948,-0.8363655250629,-0.570471977604612,1074,1087.29947424478
"111",2018-03-21,"Spring","No Holiday",-0.207935018086612,-0.216806648471445,-0.928626996991521,-0.969678840665916,-0.694862026233313,0.309453622428263,0.950591172001948,-0.840208149007414,-0.701162247069971,1221,1180.88984227344
"112",2018-03-22,"Spring","No Holiday",-0.207935018086612,-0.301216703609661,-0.283024800657301,-0.74619493447671,0.371446585805195,0.534753965885009,-0.666960716754012,-0.479001498223112,-0.407109140772913,1281,1250.96695268203
"113",2018-03-23,"Spring","No Holiday",-0.207935018086612,-0.301216703609661,-0.189250179960711,-0.645408074822754,0.214636495799532,0.0841532789715154,-1.30159400496182,-0.421362139055404,-0.472454275505593,1421,1369.99008580461
"114",2018-03-24,"Spring","No Holiday",-0.207935018086612,-0.301216703609661,-0.454977431539615,-0.53585714041628,-0.255793774217457,0.985354652798503,-1.91917208457564,-0.240758813663253,-0.505126842871933,1552,1497.39702574138
"115",2018-03-25,"Spring","No Holiday",-0.207935018086612,-0.301216703609661,-0.579750315626555,-0.360575645365922,0.967324927826715,-0.0660469499996491,-2.24770926064927,-0.133165343216865,-0.374436573406573,1476,1482.41910772241
"116",2018-03-26,"Spring","No Holiday",-0.207935018086612,-0.301216703609661,-0.372997747541868,-0.207204337196858,0.1832744777984,0.384553736913845,-2.07536188959425,0.0435953582307722,-0.374436573406573,1618,1577.32573231672
"117",2018-03-27,"Spring","No Holiday",-0.207935018086612,-0.301216703609661,-0.214497193225177,0.0381897558736431,0.402808603806328,-0.366447407941979,-1.80786440743594,0.0320674863972307,-0.407109140772913,1591,1586.89771969502
"118",2018-03-28,"Spring","No Holiday",-0.207935018086612,-0.301216703609661,0.0374855453410251,0.103920316517527,0.622342729814256,0.459653851399427,-1.44790974184707,0.25109705123452,-0.374436573406573,1586,1586.26931590851
"119",2018-03-29,"Spring","No Holiday",-0.207935018086612,-0.301216703609661,0.0525947617734279,0.108302353893786,0.747790801818786,0.23435350794268,-1.65885574287795,0.397116761126047,-0.309091438673894,796,1033.08079477255
"120",2018-03-30,"Spring","No Holiday",-0.207935018086612,-0.301216703609661,0.233028049621026,0.0863921670124915,0.1832744777984,-0.141147064485232,-1.17592404690087,0.0781789737313969,-0.276418871307554,1244,1180.72423843177
"121",2018-03-31,"Spring","No Holiday",-0.207935018086612,-0.301216703609661,0.227764193573608,0.0294256811211252,-0.349879828220855,0.00905316448593294,-0.570015320535564,0.0166969906191753,-0.309091438673894,1190,1187.21727152953
"122",2018-04-01,"Spring","No Holiday",-0.207935018086612,-0.301216703609661,0.0465510752004668,0.331786260082993,0.685066765816521,0.23435350794268,-1.12745134879164,0.3010511625132,-0.603144544970952,1032,1078.56518145886
"123",2018-04-02,"Spring","No Holiday",-0.207935018086612,-0.301216703609661,0.455669664663659,0.415044970231913,0.496894657809726,0.0841532789715157,-0.527826120329388,0.543136471017573,-0.341764006040234,1607,1448.46955443766
"124",2018-04-03,"Spring","No Holiday",-0.207935018086612,-0.301216703609661,0.400106739718693,0.401898858103136,0.841876855822184,0.534753965885009,-0.333935327892491,0.627674197796878,-0.603144544970952,1521,1499.2408663313
"125",2018-04-04,"Spring","No Holiday",-0.207935018086612,1.26881032196115,0.300678347711913,0.130212540775081,0.214636495799532,0.459653851399427,0.950591172001948,0.166559324455216,-0.178401169208535,685,929.272259899389
"126",2018-04-05,"Spring","No Holiday",-0.207935018086612,0.542883847772498,-1.39535556652923,-0.448216392891101,2.28452968387428,0.459653851399427,-1.01614367165194,0.193457692066813,-0.701162247069971,1894,1604.58167796982
"127",2018-04-06,"Spring","No Holiday",-0.207935018086612,0.28965368235785,-0.525454615285597,-0.531475103040021,0.873238873823317,2.33715671353899,-1.27197180056174,-0.125480095327837,-0.0803834671095154,1694,1667.17450339095
"128",2018-04-07,"Spring","No Holiday",-0.207935018086612,-0.284334692582018,-0.560644467750742,-0.794397345615558,-1.00848220624464,3.46365843082272,0.80786600534701,-0.840208149007414,0.180997071821203,665,965.652351017284
"129",2018-04-08,"Spring","No Holiday",-0.207935018086612,-0.0479865381950131,-0.998616786659039,-0.860127906259443,-0.443965882224253,0.159253393457098,0.945205316656479,-0.840208149007414,-0.472454275505593,904,922.495705305185
"130",2018-04-09,"Spring","No Holiday",-0.207935018086612,-0.301216703609661,0.211680188984276,-0.364957682742181,-0.569413954228783,-1.04234843831222,-0.622078588875101,-0.402149019332835,-0.0477108997431756,1518,1339.34871159156
"131",2018-04-10,"Spring","No Holiday",-0.207935018086612,0.120833572081419,-0.020904265259035,0.244145512557814,-0.820310098237844,1.81145591213991,0.27197339847281,-0.16774895871749,-0.341764006040234,1531,1473.50461347747
"132",2018-04-11,"Spring","No Holiday",-0.207935018086612,-0.301216703609661,-1.64841057206805,0.0206616063686072,-0.788948080236711,2.41225682802457,0.0125546993327035,-0.0755259840491572,0.377032476019242,1684,1620.85138404324
"133",2018-04-12,"Spring","No Holiday",-0.207935018086612,-0.301216703609661,0.567185429816361,0.0644819801311967,-1.85525669227522,1.06045476728409,0.905709044123037,-0.528955609501792,0.54039531285094,1195,1322.75541521297
"134",2018-04-13,"Spring","No Holiday",-0.207935018086612,-0.301216703609661,0.616997104635444,0.283583848944144,-2.26296292628994,-0.441547522427561,0.950591172001948,-0.917060627897691,-0.145728601842195,1458,1417.42662456389
"135",2018-04-14,"Spring","No Holiday",-0.207935018086612,0.458473792634282,-0.968008438531461,-0.334283421108368,1.34366914384031,0.00905316448593294,-0.0422014966795682,0.124290461065563,-0.603144544970952,1953,1792.32798736917
"136",2018-04-15,"Spring","No Holiday",-0.207935018086612,-0.301216703609661,-0.653444300290403,-0.299227122098296,0.465532639808593,0.760054309341757,-0.262123923286233,-0.0447849924930464,0.409705043385581,917,1179.59839621075
"137",2018-04-16,"Spring","No Holiday",-0.207935018086612,-0.301216703609661,0.612902994376341,-0.154619888681751,-1.47891247626163,-0.441547522427561,0.723487604934657,-0.432890010888946,0.736430717048979,438,660.479518863225
"138",2018-04-17,"Spring","No Holiday",-0.207935018086612,-0.301216703609661,0.518933416048365,-0.0757432159090898,-1.69844660226956,-0.74194798036989,0.252225262206089,-0.448260506667001,0.703758149682639,1540,1276.14385565897
"139",2018-04-18,"Spring","No Holiday",-0.207935018086612,-0.301216703609661,0.463955363997557,-0.0888893280378667,-1.13393027824917,0.384553736913845,-0.00809107949159565,-0.532798233446306,0.60574044758362,2019,1796.14315669769
"140",2018-04-19,"Spring","No Holiday",-0.207935018086612,-0.301216703609661,0.079888830167446,0.0951562417650095,-1.22801633225257,0.0841532789715154,-0.534109618232435,-0.386778523554779,0.442377610751921,2002,1940.24294700931
"141",2018-04-20,"Spring","No Holiday",-0.207935018086612,-0.301216703609661,0.553928310882124,0.480775530875797,-0.726224044234446,-0.591747751398726,-1.19028632782212,0.0858642216204246,0.57306788021728,1987,1972.97288410279
"142",2018-04-21,"Spring","No Holiday",-0.207935018086612,-0.301216703609661,0.730462446102005,0.458865343994503,-2.01206678228088,-0.216247178970814,-0.0610519903887109,-0.402149019332835,1.12850152544506,1882,1909.29186523084
"143",2018-04-22,"Spring","No Holiday",-0.207935018086612,0.838319040756254,-0.980485726940155,0.279201811567886,-0.883034134240109,-1.1174485527978,0.766574447698412,0.120447837121049,-0.276418871307554,1981,1959.48755956925
"144",2018-04-23,"Spring","No Holiday",-0.207935018086612,4.84779665982151,-1.55317376913607,-0.290463047345778,2.31589170187542,0.910254538312921,-1.73425771771452,0.347162649847367,-0.603144544970952,1972,1968.24626787078
"145",2018-04-24,"Spring","No Holiday",-0.207935018086612,-0.0479865381950131,0.315202691250159,-0.0845072906616077,0.0891884237950017,-0.441547522427561,0.950591172001948,0.212670811789382,-0.178401169208535,1625,1727.97388036123
"146",2018-04-25,"Spring","No Holiday",-0.207935018086612,-0.301216703609661,0.91382009842039,0.200325138795224,-1.4475504582605,-0.817048094855472,0.891346763201785,-0.348352284109641,1.12850152544506,778,1062.99216410837
"147",2018-04-26,"Spring","No Holiday",-0.207935018086612,-0.301216703609661,0.853870626769244,0.0863921670124915,-0.381241846221987,0.835154423827339,-0.287257914898424,0.0282248624527168,0.965138688613357,1812,1587.29764923251
"148",2018-04-27,"Spring","No Holiday",-0.207935018086612,-0.301216703609661,0.872489080566592,0.200325138795224,-0.193069738215192,-0.216247178970814,-0.881497288015208,0.0589658540088277,0.801775851781658,2184,2004.98929476975
"149",2018-04-28,"Spring","No Holiday",-0.207935018086612,-0.301216703609661,0.782711091313411,0.156504765032635,-0.788948080236711,0.159253393457098,-0.144532748243486,-0.0755259840491572,1.25919179491042,2094,2067.29678843093
"150",2018-04-29,"Spring","No Holiday",-0.207935018086612,-0.301216703609661,0.822579926931816,0.274819774191627,-0.977120188243507,0.0841532789715157,-0.431778366668518,-0.11779484743881,0.63841301494996,1592,1734.58903652928
"151",2018-04-30,"Spring","No Holiday",-0.207935018086612,-0.301216703609661,0.833595033105116,0.528977942014646,0.151912459797267,-0.366447407941979,-1.75400585398124,0.543136471017573,0.311687341286562,2289,2122.67671095878
"152",2018-05-01,"Spring","Holiday",-0.207935018086612,-0.301216703609661,0.965971264816103,0.673585175431191,0.904600891824449,-0.817048094855472,-1.78003748815101,0.862074258412223,0.180997071821203,2217,2188.70301328764
"153",2018-05-02,"Spring","No Holiday",-0.207935018086612,0.71170395804893,-0.922388352787174,0.415044970231913,2.03363353986522,-0.817048094855472,-2.02240097869713,0.869759506301251,-0.701162247069971,2393,2331.71090398629
"154",2018-05-03,"Spring","No Holiday",-0.207935018086612,-0.216806648471445,0.401276485507009,-0.0582150664040539,0.0891884237950017,1.58615556868316,0.804275435116698,0.0128543666746614,1.78195287277185,632,1141.91327119589
"155",2018-05-04,"Spring","No Holiday",-0.207935018086612,-0.301216703609661,0.951349442462165,0.0863921670124915,-0.757586062235579,0.985354652798503,0.678605477055746,-0.194647326329087,1.45522719910845,1815,1613.07398135877
"156",2018-05-05,"Spring","No Holiday",-0.207935018086612,-0.301216703609661,0.822969842194587,0.559652203648459,-0.443965882224253,1.73635579765433,0.696558328207311,0.0474379821752861,1.1611740928114,944,1144.72219440763
"157",2018-05-06,"Spring","No Holiday",-0.207935018086612,1.55580450943109,-0.229508930841887,0.323022185330475,1.6259273058505,-0.967248323826637,0.0367910483873156,0.796749651355488,-0.341764006040234,2178,1868.01665832229
"158",2018-05-07,"Spring","No Holiday",-0.207935018086612,-0.301216703609661,1.09464330153076,0.467629418747021,0.528256675810858,-0.967248323826637,0.675014906825433,0.573877462573684,0.736430717048979,2097,2028.30499749669
"159",2018-05-08,"Spring","No Holiday",-0.207935018086612,-0.301216703609661,0.927857047880171,0.34493237221177,-0.506689918226518,0.0841532789715154,0.950591172001948,0.316421658291256,1.65126260330649,2101,2079.19149924901
"160",2018-05-09,"Spring","No Holiday",-0.207935018086612,-0.301216703609661,1.16823980737892,0.287965886320403,-0.318517810219722,-0.291347293456396,0.950591172001948,0.00901174273014753,1.78195287277185,1218,1476.3574497747
"161",2018-05-10,"Spring","No Holiday",-0.207935018086612,-0.301216703609661,-1.64841057206805,0.130212540775081,0.402808603806328,0.910254538312921,-0.707354631845033,0.347162649847367,1.55324490120747,1175,1265.40723493241
"162",2018-05-11,"Spring","No Holiday",-0.207935018086612,-0.301216703609661,0.949302387332614,0.314258110577957,-0.193069738215192,-0.216247178970814,-1.73964357305999,0.400959385070561,-0.178401169208535,1472,1410.02217047972
"163",2018-05-12,"Spring","No Holiday",-0.207935018086612,2.35770003324414,-1.35265984525573,0.174032914537671,2.40997775587881,-1.1174485527978,-2.08074774493972,0.581562710462712,-0.603144544970952,2115,1903.50665114392
"164",2018-05-13,"Spring","No Holiday",-0.207935018086612,-0.216806648471445,0.877557978982624,0.213471250924001,1.84546143185843,0.00905316448593294,-1.14899477017352,0.666100437242017,0.475050178118261,2046,2003.25199534318
"165",2018-05-14,"Spring","No Holiday",-0.207935018086612,-0.301216703609661,1.06081815248532,0.520213867262128,0.685066765816521,-0.366447407941979,-2.01252691056377,0.600775830185281,1.06315639071238,2155,2109.47559860295
"166",2018-05-15,"Spring","No Holiday",-0.207935018086612,-0.301216703609661,1.12759114123497,1.05920446454198,-0.224431756216324,-1.1174485527978,-1.137325416925,0.658415189352989,0.801775851781658,1628,1772.44267958089
"167",2018-05-16,"Spring","No Holiday",-0.207935018086612,3.45503075004095,-1.02298649058227,0.818192408847737,2.31589170187542,-0.0660469499996491,-2.03945618729112,1.32318913175389,-0.668489679703631,2426,2229.93280387427
"168",2018-05-17,"Spring","No Holiday",-0.207935018086612,6.66261284529315,-1.30518766201328,0.769989997708889,2.44133977387995,-0.967248323826637,-1.94610136130298,1.24249402891909,-0.701162247069971,2271,2258.67984116228
"169",2018-05-18,"Spring","No Holiday",-0.207935018086612,0.331858709926958,-0.0802688640160243,0.349314409588029,2.37861573787768,-0.216247178970814,-1.53408342737458,0.912028369690903,-0.276418871307554,1919,2020.90395234868
"170",2018-05-19,"Spring","No Holiday",-0.207935018086612,-0.301216703609661,1.37284784151836,0.445719231865726,-1.10256826024804,-0.366447407941979,0.950591172001948,0.15118882867716,2.46807678746499,1790,1859.27118570461
"171",2018-05-20,"Spring","No Holiday",-0.207935018086612,-0.301216703609661,1.06432738985026,0.366842559093065,-1.63572256626729,-0.516647636913143,0.950591172001948,-0.279185053108391,2.10867854643525,2151,2063.48135571138
"172",2018-05-21,"Spring","No Holiday",-0.207935018086612,-0.301216703609661,1.39643771491605,0.436955157113208,-1.69844660226956,-0.516647636913143,0.950591172001948,-0.113952223494296,1.81462544013819,2417,2310.94440671341
"173",2018-05-22,"Spring","Holiday",-0.207935018086612,0.458473792634282,-0.304177703662665,0.410662932855654,0.747790801818786,-0.892148209341055,-0.205572442158805,0.635359445685906,-0.0803834671095154,2178,2217.88332201402
"174",2018-05-23,"Spring","No Holiday",-0.207935018086612,0.542883847772498,1.04921817341786,0.279201811567886,0.0891884237950017,2.03675625559666,0.826716499056153,0.343320025902853,2.43540422009865,2293,2270.46499660421
"175",2018-05-24,"Spring","No Holiday",-0.207935018086612,-0.301216703609661,1.15712722238992,0.546506091519682,-0.632137990231048,0.534753965885009,0.229784198266634,0.155031452621674,2.01066084433623,2274,2272.93949898126
"176",2018-05-25,"Spring","No Holiday",-0.207935018086612,-0.301216703609661,1.18403137552117,0.577180353153495,-0.663500008232181,0.0841532789715154,-0.151713888704112,0.312579034346742,2.20669624853427,2498,2430.48184969438
"177",2018-05-26,"Spring","No Holiday",-0.207935018086612,-0.301216703609661,1.08869709377349,0.765607960332629,-0.443965882224253,-0.817048094855472,-0.583479958899238,0.412487256904102,2.20669624853427,2464,2453.94455490831
"178",2018-05-27,"Spring","No Holiday",-0.207935018086612,-0.301216703609661,1.17759777368544,0.634146839044861,-1.1652922962503,0.23435350794268,0.439832556739938,0.316421658291256,1.29186436227676,2362,2389.58336647249
"179",2018-05-28,"Spring","No Holiday",-0.207935018086612,-0.301216703609661,1.37538229072637,0.791900184590183,-0.820310098237844,-0.817048094855472,0.56011665945542,0.531608599184032,1.94531570960355,2536,2492.07500994175
"180",2018-05-29,"Spring","No Holiday",-0.207935018086612,-0.216806648471445,0.725685984133052,0.686731287559968,0.371446585805195,0.23435350794268,-0.557448324729469,0.877444754190279,0.54039531285094,2641,2596.32250298252
"181",2018-05-30,"Spring","No Holiday",-0.207935018086612,-0.301216703609661,1.31221601815736,0.568416278400977,0.967324927826715,0.0841532789715154,-1.34468084772557,0.88897262602382,0.442377610751921,2490,2521.89675089476
"182",2018-05-31,"Spring","No Holiday",-0.207935018086612,-0.301216703609661,1.4398157878994,0.72178758657004,0.0578264057938691,0.309453622428263,-0.46588878385649,0.635359445685906,2.50074935483133,2516,2517.76902526843
"183",2018-06-01,"Summer","No Holiday",-0.207935018086612,-0.301216703609661,1.46389305537555,0.927743343254211,-0.851672116238976,0.00905316448593294,0.559219016897842,0.616146325963337,2.59876705693035,2727,2664.23070758053
"184",2018-06-02,"Summer","No Holiday",-0.207935018086612,-0.301216703609661,1.34350671799479,0.875158894739104,-0.914396152241242,0.159253393457098,0.530494455055339,0.454756120293755,2.59876705693035,2281,2395.96921227416
"185",2018-06-03,"Summer","No Holiday",-0.207935018086612,-0.301216703609661,1.25265646176899,0.954035567511765,-1.38482642225823,-0.0660469499996491,0.731566387952861,0.335634778013825,2.59876705693035,2418,2411.39076368225
"186",2018-06-04,"Summer","No Holiday",-0.207935018086612,-0.301216703609661,1.59344240143144,0.897069081620398,-0.726224044234446,-0.0660469499996491,0.582557723394876,0.477811863960838,1.19384666017774,2178,2248.01722910467
"187",2018-06-05,"Summer","No Holiday",-0.207935018086612,-0.301216703609661,1.60972136365216,0.936507418006729,-0.443965882224253,-0.216247178970814,-0.201981871928492,0.666100437242017,2.20669624853427,2722,2579.8051687314
"188",2018-06-06,"Summer","Holiday",-0.207935018086612,-0.301216703609661,1.32449834893467,0.857630745234068,0.0891884237950017,0.835154423827339,-0.959592190524514,0.865916882356737,2.46807678746499,2894,2799.74155061942
"189",2018-06-07,"Summer","No Holiday",-0.207935018086612,-0.301216703609661,1.47110648773682,0.743697773451335,0.747790801818786,0.384553736913845,-1.52959521458669,0.923556241524445,1.06315639071238,2302,2451.32246518583
"190",2018-06-08,"Summer","No Holiday",-0.207935018086612,-0.301216703609661,1.77338829520057,0.743697773451335,0.747790801818786,0.534753965885009,-0.620283303759945,0.865916882356737,1.78195287277185,2712,2633.79673955575
"191",2018-06-09,"Summer","No Holiday",-0.207935018086612,-0.259011676040553,0.877363021351238,0.905833156372916,0.245998513800665,-0.366447407941979,-0.0825954117705883,0.812120147133543,0.0829793697221835,2784,2738.93902186672
"192",2018-06-10,"Summer","No Holiday",-0.207935018086612,-0.259011676040553,1.21181283799365,0.734933698698817,-0.130345702212927,-0.441547522427561,0.950591172001948,0.692998804853614,-0.178401169208535,2586,2631.88170656002
"193",2018-06-11,"Summer","No Holiday",-0.207935018086612,0.0364235169432028,0.772183379218575,0.621000726916084,0.120550441796134,-0.516647636913143,0.950591172001948,0.61998894990785,-0.0803834671095154,2233,2352.66451196801
"194",2018-06-12,"Summer","No Holiday",-0.207935018086612,-0.216806648471445,1.71889763722823,0.713023511817522,0.402808603806328,-0.74194798036989,0.944307674098901,0.777536531632918,2.82747502849472,2631,2547.4993535904
"195",2018-06-13,"Summer","No Holiday",-0.207935018086612,-0.301216703609661,1.87535113641537,0.809428334095219,0.402808603806328,-0.366447407941979,-0.0529732073705069,0.792907027410974,2.14135111380159,2693,2649.34980607712
"196",2018-06-14,"Summer","No Holiday",-0.207935018086612,2.1466748953986,0.673339860105953,0.739315736075076,0.873238873823317,-0.967248323826637,-0.98652146725186,0.9389267373025,-0.472454275505593,2901,2825.50494182314
"197",2018-06-15,"Summer","No Holiday",-0.207935018086612,1.0915492061709,1.61634992311928,0.743697773451335,-0.161707720214059,-0.366447407941979,0.950591172001948,0.716054548520697,3.0561830000591,2667,2714.55148254694
"198",2018-06-16,"Summer","No Holiday",-0.207935018086612,-0.301216703609661,1.70096153514073,0.853248707857809,-0.0676216662106613,-0.291347293456396,0.858133988571391,0.531608599184032,2.69678475902937,2494,2560.16544476408
"199",2018-06-17,"Summer","No Holiday",-0.207935018086612,-0.301216703609661,1.51838371334789,0.866394819986586,0.528256675810858,-0.74194798036989,-1.22619203012525,0.9389267373025,1.94531570960355,2482,2505.44963342922
"200",2018-06-18,"Summer","No Holiday",-0.207935018086612,-0.301216703609661,1.0362534909307,1.01100205340313,-0.224431756216324,-0.441547522427561,-0.949718122391153,0.862074258412223,2.33738651799963,2732,2664.03489002877
"201",2018-06-19,"Summer","No Holiday",-0.207935018086612,-0.301216703609661,1.79736808386103,0.813810371471478,0.277360531801797,-0.0660469499996491,-0.491920418026259,0.804434899244515,1.25919179491042,1327,1728.11046700863
"202",2018-06-20,"Summer","No Holiday",-0.207935018086612,-0.301216703609661,1.72815812471906,0.756843885580112,0.873238873823317,1.58615556868316,-1.15617591063414,0.927398865468959,1.65126260330649,2551,2304.13314010259
"203",2018-06-21,"Summer","No Holiday",-0.207935018086612,-0.301216703609661,1.72640350603658,0.927743343254211,0.0578264057938691,0.684954194856174,-0.827638734560515,0.842861138689654,2.01066084433623,2260,2273.23994203078
"204",2018-06-22,"Summer","No Holiday",-0.207935018086612,-0.301216703609661,1.67356998793102,1.00662001602687,-1.51027449426276,-0.366447407941979,0.39854099909134,0.497024983683407,2.50074935483133,2601,2502.67198260923
"205",2018-06-23,"Summer","No Holiday",-0.207935018086612,-0.301216703609661,1.4659401105051,0.993473903898095,-0.820310098237844,0.534753965885009,0.672321979152699,0.435543000571185,1.19384666017774,2093,2215.90159478277
"206",2018-06-24,"Summer","No Holiday",-0.207935018086612,-0.301216703609661,0.986246858480231,1.00662001602687,0.716428783817654,0.384553736913845,-1.40212997141058,1.00425134435924,1.29186436227676,1343,1604.87047843483
"207",2018-06-25,"Summer","No Holiday",-0.207935018086612,-0.301216703609661,1.53934165872187,1.27830633335493,-0.193069738215192,-1.04234843831222,-0.971261543773031,1.01962184013729,1.55324490120747,1322,1406.86114353045
"208",2018-06-26,"Summer","No Holiday",-0.207935018086612,5.73410223877277,-1.14152073046486,0.892687044244139,2.25316766587315,-0.291347293456396,-2.01162926800619,1.21943828525201,-0.505126842871933,2573,2223.15834305913
"209",2018-06-27,"Summer","No Holiday",-0.207935018086612,-0.216806648471445,1.25207158887483,0.857630745234068,1.37503116184144,0.384553736913845,-1.53228814225942,1.14642843030625,0.279014773920222,2451,2382.64750291774
"210",2018-06-28,"Summer","No Holiday",-0.207935018086612,1.93564975755306,0.46171335123662,0.844484633105291,1.6259273058505,-1.04234843831222,-0.999986105615534,1.24633665286361,0.115651937088523,2113,2193.89425087532
"211",2018-06-29,"Summer","No Holiday",-0.207935018086612,0.247448654788742,1.30490510698039,1.01538409077939,1.24958308983691,-0.141147064485232,-1.6032019043081,1.26170714864166,0.54039531285094,2660,2520.1682752626
"212",2018-06-30,"Summer","No Holiday",-0.207935018086612,0.922729095894469,0.347858094507287,0.993473903898095,1.68865134185276,-1.34274889625455,-1.95328250176361,1.29629076414229,-0.113056034475855,2515,2516.55048257878
"213",2018-07-01,"Summer","No Holiday",-0.207935018086612,6.53599776258582,-1.33345651856422,0.822574446223996,2.37861573787768,-1.41784901074013,-1.23516845570103,1.3001333880868,-0.407109140772913,2494,2500.76514477363
"214",2018-07-02,"Summer","No Holiday",-0.207935018086612,4.89000168739062,-1.13762157783715,0.818192408847737,2.44133977387995,-1.5680492397113,-1.01434838653679,1.34240225147646,-0.211073736574875,1017,1462.12954343209
"215",2018-07-03,"Summer","No Holiday",-0.207935018086612,-0.250570670526731,1.2070363760247,1.27392429597867,0.998686945827847,-1.41784901074013,0.851850490668344,1.39235636275514,2.27204138326695,1400,1418.63886302963
"216",2018-07-04,"Summer","No Holiday",-0.207935018086612,-0.301216703609661,1.44956366946869,1.23010392221608,0.590980711813123,0.309453622428263,0.811456575577323,1.33087437964291,2.01066084433623,1821,1700.29165890889
"217",2018-07-05,"Summer","No Holiday",-0.207935018086612,-0.259011676040553,1.09873741178986,1.05920446454198,0.935962909825582,-0.817048094855472,-0.211855940061853,1.26939239653069,0.279014773920222,2493,2255.18749767267
"218",2018-07-06,"Summer","No Holiday",-0.207935018086612,-0.301216703609661,1.63428602520677,0.936507418006729,-0.00489763020839609,0.384553736913845,0.950591172001948,0.892815249968334,1.19384666017774,2470,2405.5562493018
"219",2018-07-07,"Summer","No Holiday",-0.207935018086612,-0.301216703609661,1.38084110440518,0.901451118996657,-0.443965882224253,-0.0660469499996491,0.950591172001948,0.666100437242017,1.71660773803917,2246,2293.86687479054
"220",2018-07-08,"Summer","No Holiday",-0.207935018086612,-0.301216703609661,1.28375220397503,1.00662001602687,-0.41260386422312,-0.291347293456396,0.950591172001948,0.58924795835174,1.25919179491042,2141,2186.86006243716
"221",2018-07-09,"Summer","No Holiday",-0.207935018086612,0.416268765065174,-1.04491922411318,0.695495362312486,1.5318412518471,-0.967248323826637,0.780936728619664,1.04267758380437,0.0829793697221836,2309,2272.35801873115
"222",2018-07-10,"Summer","No Holiday",-0.207935018086612,1.51359948186198,0.363649662649541,0.958417604888023,1.75137537785503,-1.64314935419688,0.794401366983337,1.25402190075264,0.017634234989504,2112,2160.10740561934
"223",2018-07-11,"Summer","No Holiday",-0.207935018086612,-0.00578151062590518,0.704240644680609,1.25201410909737,1.40639317984257,-1.04234843831222,-0.468581711529225,1.51147770503506,-0.0477108997431756,1962,2021.4322216858
"224",2018-07-12,"Summer","No Holiday",-0.207935018086612,-0.216806648471445,1.22019601614324,1.22133984746356,1.40639317984257,-0.141147064485232,-0.128375182207078,1.46920884164541,1.03048382334604,2197,2144.32966650574
"225",2018-07-13,"Summer","No Holiday",-0.207935018086612,-0.301216703609661,1.28453203450057,1.24763207172111,1.24958308983691,0.534753965885009,0.361737654230633,1.40388423458868,0.932466121247018,2230,2204.29889995172
"226",2018-07-14,"Summer","No Holiday",-0.207935018086612,-0.301216703609661,0.867907576229024,1.313362632365,0.685066765816521,0.534753965885009,0.237862981284838,1.35777274725451,2.33738651799963,2038,2087.88966998552
"227",2018-07-15,"Summer","No Holiday",-0.207935018086612,-0.301216703609661,0.573131637573629,1.32212670711752,0.935962909825582,0.00905316448593294,0.219012487575695,1.36545799514354,1.94531570960355,1860,1928.36690099566
"228",2018-07-16,"Summer","No Holiday",-0.207935018086612,-0.301216703609661,0.966263701263182,1.33965485662255,0.371446585805195,-0.0660469499996491,0.573581297819094,1.26170714864166,2.33738651799963,2053,2015.6100702987
"229",2018-07-17,"Summer","No Holiday",-0.207935018086612,-0.301216703609661,1.12339955216017,1.313362632365,0.528256675810858,0.00905316448593294,-0.121194041746452,1.28476289230875,2.33738651799963,2074,2056.48302108961
"230",2018-07-18,"Summer","No Holiday",-0.207935018086612,-0.301216703609661,1.07085847050169,1.30459855761248,0.590980711813123,-0.216247178970814,-0.944332267045684,1.27707764441972,2.37005908536597,2250,2191.94490632688
"231",2018-07-19,"Summer","No Holiday",-0.207935018086612,-0.301216703609661,1.06345008050903,1.37471115563262,0.340084567804063,0.159253393457098,0.14091758506639,1.28092026836423,2.30471395063329,2182,2184.98347189806
"232",2018-07-20,"Summer","No Holiday",-0.207935018086612,-0.301216703609661,0.95417632811726,1.45358782840529,0.245998513800665,-0.441547522427561,-0.431778366668518,1.31550388386486,2.33738651799963,2111,2133.19504156942
"233",2018-07-21,"Summer","No Holiday",-0.207935018086612,-0.301216703609661,0.426231062324396,1.50617227692039,-0.224431756216324,-0.441547522427561,0.339296590291177,1.22328090919653,2.33738651799963,1755,1868.45851247083
"234",2018-07-22,"Summer","No Holiday",-0.207935018086612,-0.301216703609661,0.16108868363965,1.68583580934701,-0.475327900225385,-0.291347293456396,0.718101749589188,1.18485466975139,1.78195287277185,1693,1745.63755374125
"235",2018-07-23,"Summer","No Holiday",-0.207935018086612,-0.301216703609661,0.777837150528765,1.59381302444557,-0.349879828220855,0.23435350794268,0.818637716037949,1.28476289230875,1.52057233384113,1840,1811.69126612237
"236",2018-07-24,"Summer","No Holiday",-0.207935018086612,-0.301216703609661,0.75298005252707,1.57190283756428,0.120550441796134,-0.441547522427561,0.390462216073136,1.38467111486611,1.78195287277185,1861,1846.20737983671
"237",2018-07-25,"Summer","No Holiday",-0.207935018086612,-0.301216703609661,0.878045373061088,1.47549801528658,0.528256675810858,1.28575511074083,-0.0386109264492553,1.44231047403382,0.377032476019242,1881,1870.56221395101
"238",2018-07-26,"Summer","No Holiday",-0.207935018086612,-0.301216703609661,0.780274120921088,1.46673394053406,0.779152819819919,-0.516647636913144,-0.732488623457223,1.48842196136798,0.736430717048979,1910,1898.1686641853
"239",2018-07-27,"Summer","No Holiday",-0.207935018086612,-0.301216703609661,0.620408863184696,1.52370042642543,0.967324927826715,0.0841532789715157,-0.917402990318337,1.56527444025826,1.42255463174211,1938,1926.05059925559
"240",2018-07-28,"Summer","No Holiday",-0.207935018086612,0.331858709926958,-0.00296816317153742,1.43167764152399,1.28094510783804,-0.74194798036989,-0.91111949241529,1.61522855153694,0.115651937088523,1791,1831.51517977668
"241",2018-07-29,"Summer","No Holiday",-0.207935018086612,-0.301216703609661,0.12472908538619,1.58943098706931,-0.663500008232181,-0.441547522427561,0.880575052510847,1.25017927680812,2.14135111380159,1571,1649.154553933
"242",2018-07-30,"Summer","No Holiday",-0.207935018086612,-0.301216703609661,0.661349965775723,1.71212803360456,-0.506689918226518,-0.666847865884308,0.950591172001948,1.23096615708555,1.58591746857381,1571,1594.4463661799
"243",2018-07-31,"Summer","No Holiday",-0.207935018086612,-0.301216703609661,0.583561870852772,1.70336395885205,-0.475327900225385,-0.666847865884308,0.950591172001948,1.22712353314104,1.58591746857381,1864,1783.13390985397
"244",2018-08-01,"Summer","No Holiday",-0.207935018086612,-0.301216703609661,0.370570658563738,1.77347655687219,0.151912459797267,-0.291347293456396,0.785424941407555,1.4115694824777,1.71660773803917,1961,1907.64017295619
"245",2018-08-02,"Summer","No Holiday",-0.207935018086612,-0.301216703609661,0.368718561065573,1.78662266900097,-0.349879828220855,-0.141147064485232,0.534085025285652,1.4115694824777,1.45522719910845,1828,1851.89205188686
"246",2018-08-03,"Summer","No Holiday",-0.207935018086612,-0.301216703609661,0.378563921450558,1.70336395885205,-0.0989836842117939,0.00905316448593294,0.284540394278906,1.44999572192284,1.1611740928114,1899,1884.86761556606
"247",2018-08-04,"Summer","No Holiday",-0.207935018086612,-0.301216703609661,0.141592920501065,1.53246450117795,0.0264643877927365,0.985354652798503,0.611282285237379,1.38467111486611,1.65126260330649,1699,1754.76028466982
"248",2018-08-05,"Summer","No Holiday",-0.207935018086612,-0.132396593333229,0.0491830032241756,1.44482375365277,1.15549703583351,1.58615556868316,0.0915472443995873,1.56143181631374,0.0503068023558438,1581,1633.12808540095
"249",2018-08-06,"Summer","No Holiday",-0.207935018086612,0.247448654788742,0.220355803580946,1.51055431429665,0.998686945827847,-0.291347293456396,-0.320470689528818,1.59985805575888,-0.0803834671095154,1824,1766.73842562028
"250",2018-08-07,"Summer","No Holiday",-0.207935018086612,-0.301216703609661,0.672170114317638,1.51055431429665,0.465532639808593,-0.892148209341055,0.933535963407962,1.39619898669965,1.35720949700943,1830,1811.02152768609
"251",2018-08-08,"Summer","No Holiday",-0.207935018086612,-0.301216703609661,0.679383546678914,1.51055431429665,0.653704747815389,0.609854080370592,0.401233926764075,1.52300557686861,1.12850152544506,1672,1713.70645830583
"252",2018-08-09,"Summer","No Holiday",-0.207935018086612,-0.132396593333229,0.461420914789541,1.3878572677614,1.34366914384031,0.00905316448593294,0.173232717139206,1.56527444025826,0.213669639187543,2073,1965.21193749175
"253",2018-08-10,"Summer","No Holiday",-0.207935018086612,-0.301216703609661,0.674802042341347,1.57628487494054,-0.0989836842117939,-0.892148209341055,0.950591172001948,1.32318913175389,0.867120986514338,2181,2116.26358124752
"254",2018-08-11,"Summer","No Holiday",-0.207935018086612,-0.301216703609661,0.302043051131614,1.62886932345564,-0.224431756216324,-0.216247178970814,0.950591172001948,1.26939239653069,0.703758149682639,2054,2072.67907437426
"255",2018-08-12,"Summer","No Holiday",-0.207935018086612,0.120833572081419,0.0572737449266881,1.47549801528658,-0.0676216662106613,-0.141147064485232,0.950591172001948,1.27323502047521,0.180997071821203,1942,1981.20372231228
"256",2018-08-13,"Summer","No Holiday",-0.207935018086612,-0.216806648471445,0.576738353754267,1.52808246380169,0.43417062180746,-0.666847865884308,-0.0691307734069149,1.49994983320152,0.834448419147998,2016,2005.56111669368
"257",2018-08-14,"Summer","No Holiday",-0.207935018086612,-0.301216703609661,0.675094478788425,1.61572321132687,0.0578264057938691,-0.441547522427561,0.950591172001948,1.40004161064416,0.801775851781659,1931,1953.3683350081
"258",2018-08-15,"Summer","Holiday",-0.207935018086612,-0.216806648471445,0.161283641271036,1.49302616479162,0.559618693811991,-0.967248323826637,0.861724558801704,1.40388423458868,0.213669639187543,2062,2029.41050050243
"259",2018-08-16,"Summer","No Holiday",-0.207935018086612,-0.301216703609661,0.820630350617957,1.36594708088011,-0.663500008232181,0.459653851399427,0.950591172001948,1.26170714864166,0.932466121247018,1503,1660.92315015073
"260",2018-08-17,"Summer","No Holiday",-0.207935018086612,-0.301216703609661,1.16092889620195,1.20819373533478,-1.03984422424577,0.23435350794268,0.950591172001948,0.577720086518198,1.1611740928114,1301,1408.97694504522
"261",2018-08-18,"Summer","No Holiday",-0.207935018086612,-0.301216703609661,0.924835204593691,1.21257577271104,-0.726224044234446,-0.516647636913143,0.950591172001948,0.700684052742641,0.801775851781659,2204,1965.49308351357
"262",2018-08-19,"Summer","No Holiday",-0.207935018086612,-0.301216703609661,0.744401916746093,1.30459855761248,-0.130345702212927,-1.04234843831222,0.950591172001948,0.892815249968334,0.377032476019242,1829,1869.94792505407
"263",2018-08-20,"Summer","No Holiday",-0.207935018086612,-0.301216703609661,0.966653616525954,1.44044171627651,-0.0362596482095287,0.384553736913845,0.709125324013406,1.14642843030625,0.017634234989504,1571,1660.68437751622
"264",2018-08-21,"Summer","No Holiday",-0.207935018086612,0.120833572081419,0.801524502742145,1.23448595959234,0.716428783817654,1.435955339712,0.759393307237786,1.28860551625326,0.246342206553883,1374,1460.00531325487
"265",2018-08-22,"Summer","No Holiday",-0.207935018086612,-0.301216703609661,0.893057110677798,1.65954358508946,-0.475327900225385,-0.967248323826637,0.936228891080697,1.22328090919653,0.63841301494996,1334,1371.80159397646
"266",2018-08-23,"Summer","No Holiday",-0.207935018086612,-0.090191565764121,-0.0928436312404111,1.50179023954413,-0.193069738215192,0.159253393457098,0.950591172001948,1.23096615708555,-0.570471977604612,1885,1731.04047819294
"267",2018-08-24,"Summer","No Holiday",-0.207935018086612,0.374063737496066,-0.512002538719974,1.03729427766068,1.68865134185276,1.21065499625525,0.937126533638275,1.38467111486611,-0.407109140772913,2126,2007.51214345788
"268",2018-08-25,"Summer","No Holiday",-0.207935018086612,-0.301216703609661,1.01295605398009,1.01976612815565,0.841876855822184,1.13555488176967,0.81325186069248,1.13490055847271,0.442377610751921,1824,1879.05364303736
"269",2018-08-26,"Summer","No Holiday",-0.207935018086612,-0.132396593333229,0.233905358962262,0.866394819986586,0.685066765816521,-0.892148209341055,0.928150108062493,1.03114971197083,-0.0803834671095154,1985,1953.21609291121
"270",2018-08-27,"Summer","No Holiday",-0.207935018086612,1.34477937158555,-0.241303867540731,0.840102595729032,1.97090950386296,-1.26764878176897,-0.483841635008055,1.32318913175389,-0.309091438673894,1428,1585.56482787336
"271",2018-08-28,"Summer","No Holiday",-0.207935018086612,7.75994356208995,-0.762133179788011,0.940889455382988,2.34725371987655,-1.34274889625455,0.467659476024863,1.39235636275514,-0.668489679703631,2176,1998.86944836201
"272",2018-08-29,"Summer","No Holiday",-0.207935018086612,3.32841566733362,-0.753165128744262,1.04167631503694,1.78273739585616,1.81145591213991,0.888653835529051,1.40004161064416,-0.701162247069971,2158,2110.2608345086
"273",2018-08-30,"Summer","No Holiday",-0.207935018086612,0.50067882020339,0.39464792603989,1.0679685392945,1.21822107183578,0.309453622428263,-0.751339117166366,1.40004161064416,-0.570471977604612,1927,1981.97825035258
"274",2018-08-31,"Summer","No Holiday",-0.207935018086612,-0.292775698095839,1.06315764406195,1.01538409077939,1.03004896382898,0.00905316448593294,0.67681019194059,1.18485466975139,-0.0803834671095154,2076,2047.79347510577
"275",2018-09-01,"Autumn","No Holiday",-0.207935018086612,-0.301216703609661,0.887013424104837,1.12493502518586,-0.28715579221859,-0.516647636913143,0.920071325044289,0.919713617579931,0.017634234989504,2263,2198.43804253173
"276",2018-09-02,"Autumn","No Holiday",-0.207935018086612,-0.301216703609661,0.971917472573372,1.11178891305709,-0.130345702212927,-0.291347293456396,0.950591172001948,0.78906440346646,-0.0150383323768358,2261,2242.23141275952
"277",2018-09-03,"Autumn","No Holiday",-0.207935018086612,2.61093019865879,-0.595444404953115,0.980327791769318,1.50047923384597,-1.1174485527978,0.780936728619664,1.30397601203132,-0.603144544970952,2399,2351.96942382786
"278",2018-09-04,"Autumn","No Holiday",-0.207935018086612,-0.301216703609661,1.23004137652823,0.862012782610326,0.245998513800665,1.51105545419758,0.950591172001948,1.02730708802632,-0.0150383323768359,2268,2293.19082714836
"279",2018-09-05,"Autumn","No Holiday",-0.207935018086612,-0.301216703609661,1.38454529940151,0.967181679640541,0.371446585805195,0.760054309341756,0.950591172001948,0.850546386578682,0.213669639187543,2245,2259.45724814451
"280",2018-09-06,"Autumn","No Holiday",-0.207935018086612,-0.301216703609661,1.0652046991915,1.02853020290817,0.810514837821052,0.985354652798503,0.263894615454606,1.11953006269465,-0.243746303941214,2528,2447.43717444335
"281",2018-09-07,"Autumn","No Holiday",-0.207935018086612,-0.174601620902337,1.3130933274986,0.76560796033263,-0.443965882224253,1.36085522522641,0.906606686680615,0.704526676687155,-0.0150383323768358,2341,2372.93115233301
"282",2018-09-08,"Autumn","No Holiday",-0.207935018086612,-0.301216703609661,1.25772536018502,0.796282221966442,-0.506689918226518,-0.0660469499996491,0.950591172001948,0.454756120293755,-0.0150383323768358,2165,2227.3793456999
"283",2018-09-09,"Autumn","No Holiday",-0.207935018086612,-0.301216703609661,1.11550376808905,0.813810371471478,-0.255793774217457,-0.666847865884308,0.950591172001948,0.454756120293755,-0.407109140772913,1647,1821.11380370997
"284",2018-09-10,"Autumn","No Holiday",-0.207935018086612,-0.301216703609661,1.35208485377577,0.84886667048155,-0.569413954228783,-0.0660469499996491,0.950591172001948,0.593090582296253,-0.243746303941214,2405,2229.83414111299
"285",2018-09-11,"Autumn","No Holiday",-0.207935018086612,-0.301216703609661,1.4410830125034,0.791900184590183,-0.53805193622765,-0.366447407941979,0.950591172001948,0.454756120293755,-0.374436573406573,898,1297.5502423339
"286",2018-09-12,"Autumn","No Holiday",-0.207935018086612,-0.301216703609661,1.45229307630809,0.870776857362844,-0.193069738215192,-0.516647636913143,0.950591172001948,0.643044693574933,-0.276418871307554,950,1054.26507270017
"287",2018-09-13,"Autumn","No Holiday",-0.207935018086612,-0.301216703609661,1.37255540507128,0.879540932115362,0.30872254980293,-0.516647636913143,0.950591172001948,0.885130002079306,-0.505126842871933,1700,1506.27952181005
"288",2018-09-14,"Autumn","No Holiday",-0.207935018086612,-0.259011676040553,1.10039455165664,0.958417604888023,0.559618693811991,-0.591747751398726,0.950591172001948,0.969667728858611,-0.374436573406573,1909,1788.18385654302
"289",2018-09-15,"Autumn","No Holiday",-0.207935018086612,-0.284334692582018,0.796260646694727,0.918979268501693,1.24958308983691,-1.04234843831222,0.950591172001948,1.11568743875014,-0.537799410238272,2259,2117.7551569629
"290",2018-09-16,"Autumn","No Holiday",-0.207935018086612,-0.132396593333229,-0.266355923173812,0.84886667048155,1.78273739585616,0.0841532789715154,-1.6364146789385,1.19638254158493,-0.603144544970952,1966,2011.52654708887
"291",2018-09-17,"Autumn","No Holiday",-0.207935018086612,-0.292775698095839,1.30422275527054,0.739315736075076,0.465532639808593,0.384553736913845,0.430856131164156,0.819805395022571,-0.341764006040234,1554,1691.25796412666
"292",2018-09-18,"Autumn","No Holiday",-0.207935018086612,-0.301216703609661,-1.64841057206805,0.809428334095219,0.277360531801797,-0.591747751398726,0.745928668874113,0.746795540076807,-0.341764006040234,1867,1814.277389238
"293",2018-09-19,"Autumn","No Holiday",-0.207935018086612,-0.284334692582018,-1.64841057206805,0.778754072461407,0.245998513800665,-1.1174485527978,0.552037876437216,0.777536531632918,-0.603144544970952,1974,1926.0832167714
"294",2018-09-20,"Autumn","No Holiday",-0.207935018086612,0.120833572081419,-0.256218126341748,0.5552701662722,1.34366914384031,0.0841532789715154,0.500872250655258,0.873602130245765,-0.701162247069971,1668,1745.42496503142
"295",2018-09-21,"Autumn","No Holiday",-0.207935018086612,1.21816428887822,0.132137475378852,0.559652203648459,1.50047923384597,-0.441547522427561,0.950591172001948,0.992723472525694,-0.635817112337292,309,739.927489509426
"296",2018-09-22,"Autumn","No Holiday",-0.207935018086612,0.247448654788742,0.924835204593691,0.603472577411048,0.371446585805195,-0.591747751398726,0.751314524219582,0.635359445685906,-0.505126842871933,2157,1731.87824685283
"297",2018-09-23,"Autumn","Holiday",-0.207935018086612,-0.301216703609661,0.307014470731953,0.533359979390905,-0.161707720214059,-0.666847865884308,0.950591172001948,0.481654487905352,-0.668489679703631,712,1017.96347405585
"298",2018-09-24,"Autumn","Holiday",-0.207935018086612,-0.301216703609661,0.0339763079760799,0.384370708598101,-0.475327900225385,0.760054309341757,0.950591172001948,0.116605213176535,-0.603144544970952,2129,1795.68904221675
"299",2018-09-25,"Autumn","Holiday",-0.207935018086612,-0.301216703609661,0.627719774361665,0.450101269241985,-0.600775972229916,-0.967248323826637,0.950591172001948,0.147346204732646,-0.603144544970952,604,961.506712665026
"300",2018-09-26,"Autumn","No Holiday",-0.207935018086612,-0.301216703609661,1.08275088601622,0.507067755133351,-0.757586062235579,0.159253393457098,0.950591172001948,0.3010511625132,-0.603144544970952,2150,1793.45201379951
"301",2018-09-27,"Autumn","No Holiday",-0.207935018086612,-0.301216703609661,1.35286468430131,0.489539605628315,-0.632137990231048,-0.441547522427561,0.950591172001948,0.212670811789382,-0.603144544970952,772,1078.43560413985
"302",2018-09-28,"Autumn","No Holiday",-0.207935018086612,-0.301216703609661,-1.64841057206805,0.397516820726877,-0.130345702212927,-0.441547522427561,0.950591172001948,0.358690521680908,-0.570471977604612,1157,1133.43068124196
"303",2018-09-29,"Autumn","No Holiday",-0.207935018086612,-0.301216703609661,1.41700574502725,0.612236652163566,-0.224431756216324,-0.967248323826637,0.950591172001948,0.497024983683407,-0.635817112337292,1418,1332.62920437259
"304",2018-09-30,"Autumn","No Holiday",-0.207935018086612,-0.301216703609661,-1.64841057206805,0.410662932855654,-0.0989836842117939,0.760054309341757,0.950591172001948,0.431700376626671,-0.603144544970952,1851,1695.48876131178
"305",2018-10-01,"Autumn","No Holiday",-0.207935018086612,-0.301216703609661,1.07212569510569,0.17841495191393,-0.130345702212927,1.66125568316874,0.950591172001948,0.0897068455649385,-0.603144544970952,2033,1931.74662839353
"306",2018-10-02,"Autumn","No Holiday",-0.207935018086612,-0.301216703609661,-1.64841057206805,0.274819774191627,0.465532639808593,0.159253393457098,0.808763647904589,0.293365914624173,-0.635817112337292,434,883.32398851806
"307",2018-10-03,"Autumn","Holiday",-0.207935018086612,-0.301216703609661,1.30997400539642,0.384370708598101,0.120550441796134,-0.666847865884308,0.900323188777568,0.362533145625422,-0.635817112337292,1741,1483.69719655542
"308",2018-10-04,"Autumn","No Holiday",-0.207935018086612,-0.301216703609661,-1.64841057206805,0.603472577411048,-0.0362596482095287,-0.366447407941979,0.950591172001948,0.393274137181533,-0.668489679703631,1687,1626.00915896663
"309",2018-10-05,"Autumn","No Holiday",-0.207935018086612,2.695340253797,-1.20761136750466,0.366842559093065,1.97090950386296,0.159253393457098,-0.330344757662178,0.808277523189029,-0.701162247069971,1953,1854.90274768999
"310",2018-10-06,"Autumn","No Holiday",-0.207935018086612,4.46795141169954,-0.0851428048006703,0.397516820726877,1.93954748586183,0.985354652798503,0.94969352944437,0.850546386578682,-0.701162247069971,1524,1623.270824307
"311",2018-10-07,"Autumn","No Holiday",-0.207935018086612,-0.301216703609661,1.04336944447628,0.296729961072922,-0.443965882224253,-0.0660469499996491,0.948795886886792,0.316421658291256,-0.603144544970952,1656,1646.1812472921
"312",2018-10-08,"Autumn","No Holiday",-0.207935018086612,-0.301216703609661,1.21376241430751,0.174032914537671,-0.726224044234446,-0.892148209341055,0.950591172001948,-0.0755259840491572,-0.668489679703631,2014,1903.65437418763
"313",2018-10-09,"Autumn","Holiday",-0.207935018086612,-0.301216703609661,-1.64841057206805,0.331786260082993,-0.349879828220855,-0.892148209341055,0.950591172001948,0.0589658540088277,-0.701162247069971,2212,2119.49631225629
"314",2018-10-10,"Autumn","No Holiday",-0.207935018086612,0.28965368235785,0.731047318996162,0.0162795689923482,-0.349879828220855,1.66125568316874,0.94969352944437,-0.140850591105893,-0.701162247069971,1856,1935.04889367689
"315",2018-10-11,"Autumn","No Holiday",-0.207935018086612,-0.301216703609661,0.742354861616541,-0.321137308979591,-0.475327900225385,0.23435350794268,0.950591172001948,-0.379093275665752,-0.668489679703631,1711,1778.21466810307
"316",2018-10-12,"Autumn","No Holiday",-0.207935018086612,-0.301216703609661,0.90914111526713,-0.172148038186787,-0.0989836842117939,-0.666847865884308,0.946102959214057,-0.236916189718739,-0.668489679703631,2121,2018.16440043092
"317",2018-10-13,"Autumn","No Holiday",-0.207935018086612,-0.301216703609661,0.84139333836055,-0.0494509916515362,-0.130345702212927,-0.817048094855472,-0.219037080522478,-0.0524702403820741,-0.668489679703631,2087,2066.34932012928
"318",2018-10-14,"Autumn","No Holiday",-0.207935018086612,-0.301216703609661,0.725101111238894,0.0600999427549379,0.151912459797267,-0.74194798036989,-0.622078588875101,-0.029414496714991,-0.668489679703631,2047,2052.80479603878
"319",2018-10-15,"Autumn","No Holiday",-0.207935018086612,-0.301216703609661,0.905339441455106,0.152122727656376,1.09277299983124,-0.291347293456396,-1.18579811503423,0.37021839351445,-0.701162247069971,2170,2134.84143881163
"320",2018-10-16,"Autumn","No Holiday",-0.207935018086612,-0.301216703609661,0.979228383750341,0.108302353893786,0.30872254980293,-0.74194798036989,-0.0430991392371464,0.0551232300643138,-0.701162247069971,1915,1980.95243164349
"321",2018-10-17,"Autumn","No Holiday",-0.207935018086612,-0.301216703609661,0.934973001425754,-0.0757432159090898,-0.224431756216324,-0.74194798036989,0.6310304215041,-0.198489950273601,-0.701162247069971,2162,2107.68572949305
"322",2018-10-18,"Autumn","No Holiday",-0.207935018086612,-0.301216703609661,0.93516795905714,-0.053833029027795,0.120550441796134,-0.967248323826637,0.950591172001948,0.0359101103417445,-0.701162247069971,2178,2156.90571884791
"323",2018-10-19,"Autumn","No Holiday",-0.207935018086612,-0.301216703609661,1.02611569409864,0.00751549423983044,-0.130345702212927,-0.216247178970814,0.950591172001948,-0.0755259840491572,-0.701162247069971,1492,1691.47171565437
"324",2018-10-20,"Autumn","No Holiday",-0.207935018086612,-0.301216703609661,0.823164799825973,0.0118975316160893,-0.0989836842117939,-0.74194798036989,0.498179322982523,-0.029414496714991,-0.701162247069971,1750,1732.44151469631
"325",2018-10-21,"Autumn","No Holiday",-0.207935018086612,-0.301216703609661,0.68191799588693,-0.0100126552652055,-0.255793774217457,-0.74194798036989,0.281847466606171,-0.0793686079936711,-0.701162247069971,1426,1517.93245440889
"326",2018-10-22,"Autumn","No Holiday",-0.207935018086612,-0.301216703609661,0.893349547124877,0.0294256811211252,-0.28715579221859,-1.19254866728338,-0.908426564742555,-0.0793686079936711,-0.701162247069971,1822,1730.77973632267
"327",2018-10-23,"Autumn","No Holiday",-0.207935018086612,0.120833572081419,0.457229325714746,-0.0625971037803129,0.779152819819919,-1.04234843831222,-1.11398671042797,0.266467547012576,-0.701162247069971,1885,1838.7339208968
"328",2018-10-24,"Autumn","No Holiday",-0.207935018086612,-0.301216703609661,0.926784780907549,-0.0757432159090898,0.685066765816521,-0.74194798036989,-0.0861859820009012,0.166559324455216,-0.701162247069971,1873,1862.72017626904
"329",2018-10-25,"Autumn","No Holiday",-0.207935018086612,-0.301216703609661,1.0086669860896,0.0688640175074557,-0.224431756216324,-0.967248323826637,0.313264956121409,0.0282248624527168,-0.701162247069971,1913,1897.91605288071
"330",2018-10-26,"Autumn","No Holiday",-0.207935018086612,0.627293902910714,-0.344436454543842,-0.0100126552652055,0.810514837821052,-0.666847865884308,0.264792258012185,0.185772444177785,-0.701162247069971,2070,2018.37481586421
"331",2018-10-27,"Autumn","No Holiday",-0.207935018086612,-0.301216703609661,0.145004679050318,-0.32551934635585,-0.506689918226518,2.56245705699573,0.950591172001948,-0.46747362638957,-0.701162247069971,676,1078.71244475926
"332",2018-10-28,"Autumn","No Holiday",-0.207935018086612,0.163038599650527,-0.518728577002786,-0.461362505019878,1.06141098183011,-0.666847865884308,0.950591172001948,0.0935494695094523,-0.701162247069971,1554,1411.41373342778
"333",2018-10-29,"Autumn","No Holiday",-0.207935018086612,-0.301216703609661,0.289175847460149,-0.566531402050093,-0.00489763020839609,0.534753965885009,0.950591172001948,-0.332981788331585,-0.701162247069971,1694,1609.22412002833
"334",2018-10-30,"Autumn","No Holiday",-0.207935018086612,-0.301216703609661,0.38129332828996,-0.45259843026736,-0.381241846221987,-0.216247178970814,0.950591172001948,-0.663447447559777,-0.701162247069971,517,844.6672360085
"335",2018-10-31,"Autumn","No Holiday",-0.207935018086612,-0.301216703609661,0.451770512035942,-0.487654729277431,0.0264643877927365,0.23435350794268,0.945205316656479,-0.375250651721238,-0.701162247069971,1477,1287.30017080255
"336",2018-11-01,"Autumn","No Holiday",-0.207935018086612,-0.301216703609661,0.590092951504198,-0.395631944375994,-0.0676216662106613,-0.591747751398726,0.754007451892317,-0.402149019332835,-0.701162247069971,814,955.990051240765
"337",2018-11-02,"Autumn","No Holiday",-0.207935018086612,-0.301216703609661,0.698586873370419,-0.237878598830671,-0.130345702212927,-0.666847865884308,-0.0808001266554318,-0.240758813663253,-0.701162247069971,748,810.39701537223
"338",2018-11-03,"Autumn","No Holiday",-0.207935018086612,-0.301216703609661,-1.64841057206805,-0.194058225068082,0.277360531801797,-0.666847865884308,-0.767496683202774,-0.171591582662004,-0.701162247069971,1725,1450.61910461167
"339",2018-11-04,"Autumn","No Holiday",-0.207935018086612,-0.301216703609661,0.347078263981744,-0.137091739176715,0.120550441796134,-0.666847865884308,-0.385998596232028,-0.175434206606517,-0.701162247069971,1167,1252.0857313835
"340",2018-11-05,"Autumn","No Holiday",-0.207935018086612,-0.301216703609661,0.639612189876202,-0.0888893280378667,1.06141098183011,-0.817048094855472,-1.45598852486527,0.0858642216204246,-0.701162247069971,1486,1415.82571941505
"341",2018-11-06,"Autumn","No Holiday",-0.207935018086612,-0.301216703609661,-1.64841057206805,-0.0406869168990181,0.935962909825582,-1.1174485527978,-1.9371249357272,0.170401948399729,-0.701162247069971,1898,1753.34771582452
"342",2018-11-07,"Autumn","No Holiday",-0.207935018086612,-0.132396593333229,-0.0375731427425246,-0.00563061788894645,1.18685905383464,-0.74194798036989,-1.65616281520522,0.412487256904102,-0.701162247069971,1702,1717.40431474735
"343",2018-11-08,"Autumn","No Holiday",-0.207935018086612,3.58164583274827,-1.48064953026054,-0.106417477542902,2.31589170187542,0.23435350794268,-1.401232328853,0.489339735794379,-0.701162247069971,1514,1575.02129442421
"344",2018-11-09,"Autumn","No Holiday",-0.207935018086612,1.30257434401644,-1.64841057206805,-0.11518155229542,0.841876855822184,2.11185637008224,-0.988316752367017,0.208828187844868,-0.701162247069971,1554,1560.30638832726
"345",2018-11-10,"Autumn","No Holiday",-0.207935018086612,-0.301216703609661,0.152315590227287,-0.128327664424197,1.18685905383464,-0.666847865884308,-1.9371249357272,0.228041307567437,-0.701162247069971,1053,1205.19191649818
"346",2018-11-11,"Autumn","No Holiday",-0.207935018086612,-0.301216703609661,-0.36773389149445,-0.373721757494699,0.685066765816521,-1.26764878176897,-1.98110942104853,-0.0370997446040187,-0.701162247069971,1148,1165.15757494945
"347",2018-11-12,"Autumn","No Holiday",-0.207935018086612,-0.301216703609661,0.398936993930378,-0.417542131257288,-0.349879828220855,-0.666847865884308,0.619361068255583,-0.405991643277349,-0.701162247069971,1484,1388.34727248484
"348",2018-11-13,"Autumn","No Holiday",-0.207935018086612,-0.301216703609661,0.495343542650678,-0.386867869623475,-0.53805193622765,-1.19254866728338,0.220807772690852,-0.348352284109641,-0.701162247069971,1500,1466.50418174545
"349",2018-11-14,"Autumn","No Holiday",-0.207935018086612,-0.301216703609661,0.565040895871117,-0.307991196850814,-0.28715579221859,-1.19254866728338,-0.190312518679975,-0.233073565774225,-0.701162247069971,1486,1480.15125452364
"350",2018-11-15,"Autumn","No Holiday",-0.207935018086612,-0.301216703609661,0.447578922961146,-0.356193607989663,-0.193069738215192,-0.892148209341055,-0.914710062645602,-0.271499805219364,-0.701162247069971,1562,1537.44537635709
"351",2018-11-16,"Autumn","No Holiday",-0.207935018086612,-0.301216703609661,0.365501760147706,-0.430688243386065,0.371446585805195,-0.591747751398726,-1.37879126491354,-0.225388317885198,-0.701162247069971,1568,1558.83361290713
"352",2018-11-17,"Autumn","No Holiday",-0.207935018086612,-0.301216703609661,-0.119065432661807,-0.715520672842897,-0.820310098237844,-0.441547522427561,0.369816437248837,-0.728772054616512,-0.701162247069971,1124,1254.45008387214
"353",2018-11-18,"Autumn","No Holiday",-0.207935018086612,-0.301216703609661,-0.25261141016111,-0.509564916158726,-0.569413954228783,-1.1174485527978,0.436241986509625,-0.705716310949429,-0.701162247069971,1224,1233.13502516164
"354",2018-11-19,"Autumn","No Holiday",-0.207935018086612,-0.301216703609661,0.199397858206968,-0.592823626307646,-0.41260386422312,-0.892148209341055,-0.770189610875508,-0.425204762999918,-0.701162247069971,1412,1358.34050754849
"355",2018-11-20,"Autumn","No Holiday",-0.207935018086612,-0.301216703609661,0.216066735690457,-0.413160093881029,-1.22801633225257,-0.0660469499996491,0.685786617516372,-0.95548686734283,-0.701162247069971,1346,1349.70215226455
"356",2018-11-21,"Autumn","No Holiday",-0.207935018086612,-0.199924637443802,-0.114873843587011,-0.544621215168798,-0.318517810219722,-1.19254866728338,0.729771102837705,-0.505899865834709,-0.701162247069971,1396,1382.11064567936
"357",2018-11-22,"Autumn","No Holiday",-0.207935018086612,-0.301216703609661,-0.0404000283976193,-0.890802167893256,-1.2593783502537,1.36085522522641,0.950591172001948,-1.20525742373623,-0.701162247069971,1344,1355.43319370381
"358",2018-11-23,"Autumn","No Holiday",-0.207935018086612,-0.301216703609661,-0.058141172853731,-0.934622541655845,-1.82389467427409,-0.516647636913143,0.950591172001948,-1.41275911673998,-0.701162247069971,1288,1308.22995811114
"359",2018-11-24,"Autumn","No Holiday",8.87515099475853,0.618852897396892,-1.017040282825,-0.886420130516996,1.65728932385163,0.0841532789715154,-0.762110827857304,-0.306083420719988,-0.701162247069971,1382,1359.86898743334
"360",2018-11-25,"Autumn","No Holiday",4.57020679807335,-0.301216703609661,-0.555478090519017,-0.754959009229228,1.46911721584484,-1.04234843831222,-1.86890410135126,-0.248444061552281,-0.701162247069971,1338,1344.56069623
"361",2018-11-26,"Autumn","No Holiday",0.126765737151646,-0.301216703609661,0.0245208628538665,-0.605969738436423,0.779152819819919,-0.817048094855472,-1.80068326697531,-0.229230941829711,-0.701162247069971,1007,1108.268208869
"362",2018-11-27,"Autumn","No Holiday",-0.207935018086612,-0.301216703609661,-0.0612604949559045,-0.544621215168798,0.935962909825582,-0.666847865884308,-1.97123535291517,-0.202332574218114,-0.701162247069971,1054,1070.2804626607
"363",2018-11-28,"Autumn","No Holiday",-0.207935018086612,-0.301216703609661,-0.0376706215582175,-0.711138635466638,-2.01206678228088,-0.0660469499996491,-0.0116816497219085,-1.30132302234908,-0.701162247069971,954,988.88413879821
"364",2018-11-29,"Autumn","No Holiday",-0.207935018086612,-0.301216703609661,-0.0475159819432026,-0.868891981011961,-1.41618844025936,-0.967248323826637,0.131941159490607,-1.17451643218012,-0.701162247069971,893,921.765241639463
"365",2018-11-30,"Autumn","No Holiday",-0.207935018086612,-0.301216703609661,-0.0597983127205107,-0.939004579032104,-0.945758170242374,-0.516647636913143,-0.108627045940357,-0.90553275606415,-0.701162247069971,982,963.929572491839
