"","date","season","holiday","snowfall","rainfall","rent_count","temperature","humidity","wind_speed","visibility","dewpoint_temp","solar_radiation","rep_count","season_no"
"1",2017-12-01,"Winter","No Holiday",0,0,9539,-1.1,37.5,1.4,20000,-17.4,0,677,4
"2",2017-12-02,"Winter","No Holiday",0,0,8523,2.7,55.5,1.6,14410,-5.55,0,836,4
"3",2017-12-03,"Winter","No Holiday",0,4,7222,4.35,84.5,1.6,3380,2.65,0,999,4
"4",2017-12-04,"Winter","No Holiday",0,0.1,8729,-0.25,43.5,3.6,19130,-12.95,0,744,4
"5",2017-12-05,"Winter","No Holiday",0,0,8307,-3.8,34.5,0,20000,-17.7,0,638,4
"6",2017-12-06,"Winter","No Holiday",86,1.3,6669,1.15,76.5,0.55,13965,-6.3,0,871,4
"7",2017-12-07,"Winter","No Holiday",104,0,8549,1.4,67,1.85,7305,-2.5,0,984,4
"8",2017-12-08,"Winter","No Holiday",0,0,8032,-3.5,41,1.55,19385,-15.5,0,722,4
"9",2017-12-09,"Winter","No Holiday",0,0,7233,-0.3,48,0.9,19490,-10.8,0,711,4
"10",2017-12-10,"Winter","No Holiday",325,4.1,3453,0.35,64,1.1,8880,-3,0,1124,4
"11",2017-12-11,"Winter","No Holiday",0,0,5848,-5.75,38,3.7,20000,-18,0,707,4
"12",2017-12-12,"Winter","No Holiday",0,0,5496,-9.35,45,2.15,19890,-20,0,556,4
"13",2017-12-13,"Winter","No Holiday",0,0,6019,-9.05,39,1.65,19795,-20.35,0,486,4
"14",2017-12-14,"Winter","No Holiday",0,0,6398,-5.85,44,0.9,16495,-18.1,0,579,4
"15",2017-12-15,"Winter","No Holiday",0,0,7198,-2.7,50.5,0.8,9675,-12.9,0,696,4
"16",2017-12-16,"Winter","No Holiday",0,0,4632,-5.25,41,2.85,19730,-18.65,0,596,4
"17",2017-12-17,"Winter","No Holiday",0,0,3776,-7.05,40,1.95,20000,-19.9,0,555,4
"18",2017-12-18,"Winter","No Holiday",597,3.4,2620,-2.35,81,0.95,4645,-4.75,0,1174,4
"19",2017-12-19,"Winter","No Holiday",556,0,4334,-3.65,55.5,2.1,18125,-12.9,0,1274,4
"20",2017-12-20,"Winter","No Holiday",483,0.2,4568,-3.7,67,1.1,16920,-12.3,0,1265,4
"21",2017-12-21,"Winter","No Holiday",389,0,5734,-1.2,76,1.25,7145,-4.95,0,1350,4
"22",2017-12-22,"Winter","Holiday",77,0,7184,3.8,68,0.8,7975,-3.75,0,1032,4
"23",2017-12-23,"Winter","No Holiday",0,0,6624,5.65,76.5,1.1,2635,2,0,1019,4
"24",2017-12-24,"Winter","Holiday",0,20,2014,4.35,83,1.2,2335,2.1,0,1025,4
"25",2017-12-25,"Winter","Holiday",0,0,3966,-1.75,45,2.55,20000,-13.85,0,576,4
"26",2017-12-26,"Winter","No Holiday",0,0,5605,-2.65,37.5,3.1,19975,-18.2,0,428,4
"27",2017-12-27,"Winter","No Holiday",0,0,5351,-6.6,33.5,2.1,20000,-21.55,0,484,4
"28",2017-12-28,"Winter","No Holiday",0,0,6594,-1.45,40,1.3,17745,-14.55,0,518,4
"29",2017-12-29,"Winter","No Holiday",0,0,7663,1.1,64.5,0.9,4945,-3.25,0,712,4
"30",2017-12-30,"Winter","No Holiday",0,0.5,4027,1.6,81,0.85,2485,-2.9,0,890,4
"31",2017-12-31,"Winter","Holiday",143,1.2,3423,0.15,54.5,2.15,10945,-7.15,0,880,4
"32",2018-01-01,"Winter","Holiday",0,0,4290,-1.45,40,1.1,19170,-13.5,0,553,4
"33",2018-01-02,"Winter","No Holiday",0,0,6446,-2,37.5,1.95,17665,-13.7,0,458,4
"34",2018-01-03,"Winter","No Holiday",0,0,6512,-4.75,42.5,2.2,19860,-15.95,0,482,4
"35",2018-01-04,"Winter","No Holiday",0,0,6453,-4.2,44.5,1.4,18550,-15.15,0,617,4
"36",2018-01-05,"Winter","No Holiday",0,0,6967,-3.55,50.5,1.5,14180,-12.55,0,662,4
"37",2018-01-06,"Winter","No Holiday",0,0,5180,-2.9,47,1.4,15405,-13.25,0,608,4
"38",2018-01-07,"Winter","No Holiday",0,0,4714,0.8,39.5,0.7,14205,-12.5,0,624,4
"39",2018-01-08,"Winter","No Holiday",45,0.9,5711,0.9,43,1.25,12675,-10.15,0,633,4
"40",2018-01-09,"Winter","No Holiday",108,0,5500,-4.05,58.5,3.2,15530,-11.6,0,683,4
"41",2018-01-10,"Winter","No Holiday",102,0.8,4161,-6.75,52,2.85,20000,-15.5,0,697,4
"42",2018-01-11,"Winter","No Holiday",0,0,4017,-11,51,2.65,18395,-19.55,0,598,4
"43",2018-01-12,"Winter","No Holiday",0,0,4111,-10.4,36.5,1.7,20000,-23.5,0,458,4
"44",2018-01-13,"Winter","No Holiday",22,0.4,3503,-4.6,67,0.8,9115,-9.25,0,621,4
"45",2018-01-14,"Winter","No Holiday",0,0,4225,0.35,62,1.05,5435,-6.25,0,682,4
"46",2018-01-15,"Winter","No Holiday",0,0.2,6334,4.4,62.5,1.45,5710,-2.2,0,711,4
"47",2018-01-16,"Winter","No Holiday",0,0,6705,3.9,59.5,0.75,4285,-3.85,0,790,4
"48",2018-01-17,"Winter","No Holiday",0,0,6292,3.4,65.5,0.95,3315,-1.8,0,873,4
"49",2018-01-18,"Winter","No Holiday",0,0,6383,2.35,72,2,3035,-2.05,0,882,4
"50",2018-01-19,"Winter","No Holiday",0,0,7472,0.15,44.5,1.55,15190,-11.15,0,688,4
"51",2018-01-20,"Winter","No Holiday",0,0,5576,1.8,60,1.45,8830,-5.65,0,793,4
"52",2018-01-21,"Winter","No Holiday",0,0,4973,-0.3,32,1.05,13365,-14.55,0,629,4
"53",2018-01-22,"Winter","No Holiday",62,3.3,4503,0,33,0.9,15895,-13.5,0,626,4
"54",2018-01-23,"Winter","No Holiday",233,0,3981,-11.4,42,3.75,20000,-22.6,0,701,4
"55",2018-01-24,"Winter","No Holiday",197,0,3154,-14.65,30,3.45,20000,-27.9,0,738,4
"56",2018-01-25,"Winter","No Holiday",142,0,3113,-14.75,33,2.75,20000,-26.7,0,618,4
"57",2018-01-26,"Winter","No Holiday",103,0,2931,-14.85,34,2.5,18840,-27.65,0,554,4
"58",2018-01-27,"Winter","No Holiday",44,0,2693,-8.75,39,1.25,18485,-22.35,0,472,4
"59",2018-01-28,"Winter","No Holiday",0,0,2828,-7.4,35,2.45,19865,-19.65,0,399,4
"60",2018-01-29,"Winter","No Holiday",0,0,4088,-9.05,39,2.9,19650,-20.35,0,372,4
"61",2018-01-30,"Winter","No Holiday",194,2.9,3360,-3.85,53,1.15,18920,-17.3,0,594,4
"62",2018-01-31,"Winter","No Holiday",648,0,3830,-2.2,50.5,1.6,18795,-12.2,0,1069,4
"63",2018-02-01,"Winter","No Holiday",217,0,5377,-4.2,48.5,1.55,19525,-15.25,0,977,4
"64",2018-02-02,"Winter","No Holiday",0,0,5954,-2.5,55,1.5,16765,-12.8,0,739,4
"65",2018-02-03,"Winter","No Holiday",22,0.5,3290,-6.45,44,4,19765,-18.65,0,596,4
"66",2018-02-04,"Winter","No Holiday",0,0,2487,-10,44,3.25,19875,-20.5,0,530,4
"67",2018-02-05,"Winter","No Holiday",0,0,3932,-10.05,39,3.45,20000,-22.1,0,385,4
"68",2018-02-06,"Winter","No Holiday",0,0,3988,-10.75,36,3.25,19885,-23.1,0,364,4
"69",2018-02-07,"Winter","No Holiday",0,0,4697,-7.3,47,1.6,18645,-20.9,0,439,4
"70",2018-02-08,"Winter","No Holiday",0,0,5613,-4.1,43,1.15,16810,-15.2,0,481,4
"71",2018-02-09,"Winter","No Holiday",0,0,6268,0.7,40.5,0.9,12190,-14.5,0,613,4
"72",2018-02-10,"Winter","No Holiday",0,0,4425,1.6,57.5,2.85,5870,-4.8,0,755,4
"73",2018-02-11,"Winter","No Holiday",0,0,2850,-6.35,37,2.7,19855,-18,0,537,4
"74",2018-02-12,"Winter","No Holiday",0,0,4813,-5.5,35.5,2.75,19930,-17.45,0,438,4
"75",2018-02-13,"Winter","No Holiday",0,0,6267,0.35,57,3.1,19795,-11.15,0,413,4
"76",2018-02-14,"Winter","No Holiday",0,0,6771,2.45,64.5,2.55,14780,-4.3,0,603,4
"77",2018-02-15,"Winter","Holiday",0,0,3484,-1.1,30,2.45,20000,-17.25,0,570,4
"78",2018-02-16,"Winter","Holiday",0,0,2593,-0.95,38,1.85,19510,-16,0,507,4
"79",2018-02-17,"Winter","Holiday",0,0,3118,-2.75,29,2.5,20000,-20.8,0,395,4
"80",2018-02-18,"Winter","No Holiday",0,0,4562,-0.5,29,1.15,20000,-18.8,0,325,4
"81",2018-02-19,"Winter","No Holiday",0,0,7604,1.4,43.5,1.55,11240,-8.05,0,536,4
"82",2018-02-20,"Winter","No Holiday",0,0,7955,0.8,30.5,2.6,15250,-13.45,0,579,4
"83",2018-02-21,"Winter","No Holiday",0,0,7491,-1.7,31,2.2,19975,-17.7,0,621,4
"84",2018-02-22,"Winter","No Holiday",0,0,7712,2.8,57.5,2,14230,-6.9,0,710,4
"85",2018-02-23,"Winter","No Holiday",447,4.1,5797,4.55,80.5,2.05,2420,0.25,0,1334,4
"86",2018-02-24,"Winter","No Holiday",0,0,6356,2.45,44.5,2.6,6855,-8.25,0.005,1069,4
"87",2018-02-25,"Winter","No Holiday",0,0,6500,0.1,42.5,1.8,16965,-11.7,0.005,707,4
"88",2018-02-26,"Winter","No Holiday",0,0,9247,2.75,39.5,1.1,13085,-8.85,0.005,684,4
"89",2018-02-27,"Winter","No Holiday",0,0,8862,5.05,46.5,0.8,8420,-6.95,0,793,4
"90",2018-02-28,"Winter","No Holiday",0,23,3820,5.2,59,2.05,5260,-1.85,0,990,4
"91",2018-03-01,"Spring","Holiday",0,2.5,5132,1.3,52,3.7,12590,-9.05,0.005,695,1
"92",2018-03-02,"Spring","No Holiday",0,0,8433,0.2,34.5,1.6,16145,-15.25,0.01,451,1
"93",2018-03-03,"Spring","No Holiday",0,0,12191,8.75,34.5,1.6,18305,-11.55,0.005,535,1
"94",2018-03-04,"Spring","No Holiday",0,2.5,4688,9.7,89.5,1.15,3965,8.1,0,1002,1
"95",2018-03-05,"Spring","No Holiday",0,12.5,8597,5.75,64.5,1.95,20000,0.05,0.01,714,1
"96",2018-03-06,"Spring","No Holiday",0,0,12003,4.1,42.5,1.3,18780,-6.2,0.01,556,1
"97",2018-03-07,"Spring","No Holiday",0,0,11170,6.6,48,1.7,19625,-3.7,0,719,1
"98",2018-03-08,"Spring","No Holiday",0,4.5,7711,4,78,2.05,6295,1.25,0.005,1034,1
"99",2018-03-09,"Spring","No Holiday",0,0,11642,3.5,67,1.3,10535,-2.05,0.01,849,1
"100",2018-03-10,"Spring","No Holiday",0,0,11064,5,72,2,9295,-2,0.01,878,1
"101",2018-03-11,"Spring","No Holiday",0,0,11843,5.5,47,1.9,6550,-2.4,0.02,990,1
"102",2018-03-12,"Spring","No Holiday",0,0,13339,7.3,46.5,1.05,7910,-4.6,0.015,934,1
"103",2018-03-13,"Spring","No Holiday",0,0,15963,13,58.5,1.45,9455,3.05,0.02,967,1
"104",2018-03-14,"Spring","No Holiday",0,0,19180,16.15,64.5,2.15,18430,8.4,0.02,1031,1
"105",2018-03-15,"Spring","No Holiday",0,27,6227,13.6,97,2,4220,10.9,0,1425,1
"106",2018-03-16,"Spring","No Holiday",0,0,15277,6.7,46,1.95,20000,-3.8,0.03,991,1
"107",2018-03-17,"Spring","No Holiday",0,0,15389,6.7,50.5,1.35,17775,-5.35,0.03,812,1
"108",2018-03-18,"Spring","No Holiday",0,0,9609,7.75,54.5,1.15,8365,-1.7,0.005,1178,1
"109",2018-03-19,"Spring","No Holiday",0,1.5,8968,8.1,64,2.7,16005,3.4,0.005,929,1
"110",2018-03-20,"Spring","No Holiday",0,0,11515,4.8,42,3.4,20000,-6.9,0.02,663,1
"111",2018-03-21,"Spring","No Holiday",0,1,7384,1.65,47,1.85,20000,-6.95,0,704,1
"112",2018-03-22,"Spring","No Holiday",0,0,14007,4.2,64,2,10990,-2.25,0.045,779,1
"113",2018-03-23,"Spring","No Holiday",0,0,14969,5.35,61.5,1.7,7455,-1.5,0.035,926,1
"114",2018-03-24,"Spring","No Holiday",0,0,12243,6.6,54,2.3,4015,0.85,0.03,1208,1
"115",2018-03-25,"Spring","No Holiday",0,0,10963,8.6,73.5,1.6,2185,2.25,0.05,1216,1
"116",2018-03-26,"Spring","No Holiday",0,0,13084,10.35,61,1.9,3145,4.55,0.05,1081,1
"117",2018-03-27,"Spring","No Holiday",0,0,14710,13.15,64.5,1.4,4635,4.4,0.045,1047,1
"118",2018-03-28,"Spring","No Holiday",0,0,17295,13.9,68,1.95,6640,7.25,0.05,1149,1
"119",2018-03-29,"Spring","No Holiday",0,0,17450,13.95,70,1.8,5465,9.15,0.06,1277,1
"120",2018-03-30,"Spring","No Holiday",0,0,19301,13.7,61,1.55,8155,5,0.065,1323,1
"121",2018-03-31,"Spring","No Holiday",0,0,19247,13.05,52.5,1.65,11530,4.2,0.06,1301,1
"122",2018-04-01,"Spring","No Holiday",0,0,17388,16.5,69,1.8,8425,7.9,0.015,1439,1
"123",2018-04-02,"Spring","No Holiday",0,0,21585,17.45,66,1.7,11765,11.05,0.055,1341,1
"124",2018-04-03,"Spring","No Holiday",0,0,21015,17.3,71.5,2,12845,12.15,0.015,1412,1
"125",2018-04-04,"Spring","No Holiday",0,18.6,19995,14.2,61.5,1.95,20000,6.15,0.08,1392,1
"126",2018-04-05,"Spring","No Holiday",0,10,2596,7.6,94.5,1.95,9045,6.5,0,1564,1
"127",2018-04-06,"Spring","No Holiday",0,7,11520,6.65,72,3.2,7620,2.35,0.095,1156,1
"128",2018-04-07,"Spring","No Holiday",0,0.2,11159,3.65,42,3.95,19205,-6.95,0.135,623,1
"129",2018-04-08,"Spring","No Holiday",0,3,6666,2.9,51,1.75,19970,-6.95,0.035,783,1
"130",2018-04-09,"Spring","No Holiday",0,0,19082,8.55,49,0.95,11240,-1.25,0.1,733,1
"131",2018-04-10,"Spring","No Holiday",0,5,16696,15.5,45,2.85,16220,1.8,0.055,869,1
"132",2018-04-11,"Spring","No Holiday",0,0,0,12.95,45.5,3.25,14775,3,0.165,1238,1
"133",2018-04-12,"Spring","No Holiday",0,0,22729,13.45,28.5,2.35,19750,-2.9,0.19,650,1
"134",2018-04-13,"Spring","No Holiday",0,0,23240,15.95,22,1.35,20000,-7.95,0.085,691,1
"135",2018-04-14,"Spring","No Holiday",0,9,6980,8.9,79.5,1.65,14470,5.6,0.015,1538,1
"136",2018-04-15,"Spring","No Holiday",0,0,10207,9.3,65.5,2.15,13245,3.4,0.17,1134,1
"137",2018-04-16,"Spring","No Holiday",0,0,23198,10.95,34.5,1.35,18735,-1.65,0.22,659,1
"138",2018-04-17,"Spring","No Holiday",0,0,22234,11.85,31,1.15,16110,-1.85,0.215,1074,1
"139",2018-04-18,"Spring","No Holiday",0,0,21670,11.7,40,1.9,14660,-2.95,0.2,1443,1
"140",2018-04-19,"Spring","No Holiday",0,0,17730,13.8,38.5,1.7,11730,-1.05,0.175,1464,1
"141",2018-04-20,"Spring","No Holiday",0,0,22593,18.2,46.5,1.25,8075,5.1,0.195,1378,1
"142",2018-04-21,"Spring","No Holiday",0,0,24404,17.95,26,1.5,14365,-1.25,0.28,1276,1
"143",2018-04-22,"Spring","No Holiday",0,13.5,6852,15.9,44,0.9,18975,5.55,0.065,1463,1
"144",2018-04-23,"Spring","No Holiday",0,61,977,9.4,95,2.25,5045,8.5,0.015,1361,1
"145",2018-04-24,"Spring","No Holiday",0,3,20144,11.75,59.5,1.35,20000,6.75,0.08,543,1
"146",2018-04-25,"Spring","No Holiday",0,0,26285,15,35,1.1,19670,-0.55,0.28,759,1
"147",2018-04-26,"Spring","No Holiday",0,0,25670,13.7,52,2.2,13105,4.35,0.255,1541,1
"148",2018-04-27,"Spring","No Holiday",0,0,25861,15,55,1.5,9795,4.75,0.23,1718,1
"149",2018-04-28,"Spring","No Holiday",0,0,24940,14.5,45.5,1.75,13900,3,0.3,1664,1
"150",2018-04-29,"Spring","No Holiday",0,0,25349,15.85,42.5,1.7,12300,2.45,0.205,1674,1
"151",2018-04-30,"Spring","No Holiday",0,0,25462,18.75,60.5,1.4,4935,11.05,0.155,1729,1
"152",2018-05-01,"Spring","Holiday",0,0,26820,20.4,72.5,1.1,4790,15.2,0.135,1811,1
"153",2018-05-02,"Spring","No Holiday",0,12,7448,17.45,90.5,1.1,3440,15.3,0,1893,1
"154",2018-05-03,"Spring","No Holiday",0,1,21027,12.05,59.5,2.7,19185,4.15,0.38,1259,1
"155",2018-05-04,"Spring","No Holiday",0,0,26670,13.7,46,2.3,18485,1.45,0.33,967,1
"156",2018-05-05,"Spring","No Holiday",0,0,25353,19.1,51,2.8,18585,4.6,0.285,1487,1
"157",2018-05-06,"Spring","No Holiday",0,22,14556,16.4,84,1,14910,14.35,0.055,1718,1
"158",2018-05-07,"Spring","No Holiday",0,0,28140,18.05,66.5,1,18465,11.45,0.22,1401,1
"159",2018-05-08,"Spring","No Holiday",0,0,26429,16.65,50,1.7,20000,8.1,0.36,1352,1
"160",2018-05-09,"Spring","No Holiday",0,0,28895,16,53,1.45,20000,4.1,0.38,1660,1
"161",2018-05-10,"Spring","No Holiday",0,0,0,14.2,64.5,2.25,10765,8.5,0.345,1838,1
"162",2018-05-11,"Spring","No Holiday",0,0,26649,16.3,55,1.5,5015,9.2,0.08,1280,1
"163",2018-05-12,"Spring","No Holiday",0,31.5,3034,14.7,96.5,0.9,3115,11.55,0.015,1165,1
"164",2018-05-13,"Spring","No Holiday",0,1,25913,15.15,87.5,1.65,8305,12.65,0.18,1336,1
"165",2018-05-14,"Spring","No Holiday",0,0,27793,18.65,69,1.4,3495,11.8,0.27,1224,1
"166",2018-05-15,"Spring","No Holiday",0,0,28478,24.8,54.5,0.9,8370,12.55,0.23,1855,1
"167",2018-05-16,"Spring","No Holiday",0,44.5,6416,22.05,95,1.6,3345,21.2,0.005,2072,1
"168",2018-05-17,"Spring","No Holiday",0,82.5,3521,21.5,97,1,3865,20.15,0,1665,1
"169",2018-05-18,"Spring","No Holiday",0,7.5,16087,16.7,96,1.5,6160,15.85,0.065,943,1
"170",2018-05-19,"Spring","No Holiday",0,0,30994,17.8,40.5,1.4,20000,5.95,0.485,758,1
"171",2018-05-20,"Spring","No Holiday",0,0,27829,16.9,32,1.3,20000,0.35,0.43,1428,1
"172",2018-05-21,"Spring","No Holiday",0,0,31236,17.7,31,1.3,20000,2.5,0.385,1743,1
"173",2018-05-22,"Spring","Holiday",0,9,13790,17.4,70,1.05,13560,12.25,0.095,1948,1
"174",2018-05-23,"Spring","No Holiday",0,10,27674,15.9,59.5,3,19310,8.45,0.48,1563,1
"175",2018-05-24,"Spring","No Holiday",0,0,28781,18.95,48,2,15985,6,0.415,1394,1
"176",2018-05-25,"Spring","No Holiday",0,0,29057,19.3,47.5,1.7,13860,8.05,0.445,1826,1
"177",2018-05-26,"Spring","No Holiday",0,0,28079,21.45,51,1.1,11455,9.35,0.445,1870,1
"178",2018-05-27,"Spring","No Holiday",0,0,28991,19.95,39.5,1.8,17155,8.1,0.305,1782,1
"179",2018-05-28,"Spring","No Holiday",0,0,31020,21.75,45,1.1,17825,10.9,0.405,1765,1
"180",2018-05-29,"Spring","No Holiday",0,1,24355,20.55,64,1.8,11600,15.4,0.19,1951,1
"181",2018-05-30,"Spring","No Holiday",0,0,30372,19.2,73.5,1.7,7215,15.55,0.175,1914,1
"182",2018-05-31,"Spring","No Holiday",0,0,31681,20.95,59,1.85,12110,12.25,0.49,1817,1
"183",2018-06-01,"Summer","No Holiday",0,0,31928,23.3,44.5,1.65,17820,12,0.505,1914,2
"184",2018-06-02,"Summer","No Holiday",0,0,30693,22.7,43.5,1.75,17660,9.9,0.505,1977,2
"185",2018-06-03,"Summer","No Holiday",0,0,29761,23.6,36,1.6,18780,8.35,0.505,1923,2
"186",2018-06-04,"Summer","No Holiday",0,0,33257,22.95,46.5,1.6,17950,10.2,0.29,1899,2
"187",2018-06-05,"Summer","No Holiday",0,0,33424,23.4,51,1.5,13580,12.65,0.445,1975,2
"188",2018-06-06,"Summer","Holiday",0,0,30498,22.5,59.5,2.2,9360,15.25,0.485,2121,2
"189",2018-06-07,"Summer","No Holiday",0,0,32002,21.2,70,1.9,6185,16,0.27,2151,2
"190",2018-06-08,"Summer","No Holiday",0,0,35103,21.2,70,2,11250,15.25,0.38,2044,2
"191",2018-06-09,"Summer","No Holiday",0,0.5,25911,23.05,62,1.4,14245,14.55,0.12,2122,2
"192",2018-06-10,"Summer","No Holiday",0,0.5,29342,21.1,56,1.35,20000,13,0.08,1902,2
"193",2018-06-11,"Summer","No Holiday",0,4,24832,19.8,60,1.3,20000,12.05,0.095,1717,2
"194",2018-06-12,"Summer","No Holiday",0,1,34544,20.85,64.5,1.15,19965,14.1,0.54,1726,2
"195",2018-06-13,"Summer","No Holiday",0,0,36149,21.95,64.5,1.4,14410,14.3,0.435,1917,2
"196",2018-06-14,"Summer","No Holiday",0,29,23818,21.15,72,1,9210,16.2,0.035,2326,2
"197",2018-06-15,"Summer","No Holiday",0,16.5,33492,21.2,55.5,1.4,20000,13.3,0.575,1931,2
"198",2018-06-16,"Summer","No Holiday",0,0,34360,22.45,57,1.45,19485,10.9,0.52,1808,2
"199",2018-06-17,"Summer","No Holiday",0,0,32487,22.6,66.5,1.15,7875,16.2,0.405,2236,2
"200",2018-06-18,"Summer","No Holiday",0,0,27541,24.25,54.5,1.35,9415,15.2,0.465,2191,2
"201",2018-06-19,"Summer","No Holiday",0,0,35349,22,62.5,1.6,11965,14.45,0.3,1983,2
"202",2018-06-20,"Summer","No Holiday",0,0,34639,21.35,72,2.7,8265,16.05,0.36,2090,2
"203",2018-06-21,"Summer","No Holiday",0,0,34621,23.3,59,2.1,10095,14.95,0.415,2285,2
"204",2018-06-22,"Summer","No Holiday",0,0,34079,24.2,34,1.4,16925,10.45,0.49,2131,2
"205",2018-06-23,"Summer","No Holiday",0,0,31949,24.05,45,2,18450,9.65,0.29,2048,2
"206",2018-06-24,"Summer","No Holiday",0,0,27028,24.2,69.5,1.9,6895,17.05,0.305,2221,2
"207",2018-06-25,"Summer","No Holiday",0,0,32702,27.3,55,0.95,9295,17.25,0.345,1987,2
"208",2018-06-26,"Summer","No Holiday",0,71.5,5200,22.9,94,1.45,3500,19.85,0.03,2187,2
"209",2018-06-27,"Summer","No Holiday",0,1,29755,22.5,80,1.9,6170,18.9,0.15,1715,2
"210",2018-06-28,"Summer","No Holiday",0,26.5,21647,22.35,84,0.95,9135,20.2,0.125,1386,2
"211",2018-06-29,"Summer","No Holiday",0,6.5,30297,24.3,78,1.55,5775,20.4,0.19,1944,2
"212",2018-06-30,"Summer","No Holiday",0,14.5,20479,24.05,85,0.75,3825,20.85,0.09,1923,2
"213",2018-07-01,"Summer","No Holiday",0,81,3231,22.1,96,0.7,7825,20.9,0.045,1983,2
"214",2018-07-02,"Summer","No Holiday",0,61.5,5240,22.05,97,0.6,9055,21.45,0.075,1384,2
"215",2018-07-03,"Summer","No Holiday",0,0.6,29293,27.25,74,0.7,19450,22.1,0.455,645,2
"216",2018-07-04,"Summer","No Holiday",0,0,31781,26.75,67.5,1.85,19225,21.3,0.415,1175,2
"217",2018-07-05,"Summer","No Holiday",0,0.5,28182,24.8,73,1.1,13525,20.5,0.15,2003,2
"218",2018-07-06,"Summer","No Holiday",0,0,33676,23.4,58,1.9,20000,15.6,0.29,1929,2
"219",2018-07-07,"Summer","No Holiday",0,0,31076,23,51,1.6,20000,12.65,0.37,1875,2
"220",2018-07-08,"Summer","No Holiday",0,0,30080,24.2,51.5,1.45,20000,11.65,0.3,1970,2
"221",2018-07-09,"Summer","No Holiday",0,8.5,6191,20.65,82.5,1,19055,17.55,0.12,1915,2
"222",2018-07-10,"Summer","No Holiday",0,21.5,20641,23.65,86,0.55,19130,20.3,0.11,1362,2
"223",2018-07-11,"Summer","No Holiday",0,3.5,24135,27,80.5,0.95,12095,23.65,0.1,1088,2
"224",2018-07-12,"Summer","No Holiday",0,1,29428,26.65,80.5,1.55,13990,23.1,0.265,1590,2
"225",2018-07-13,"Summer","No Holiday",0,0,30088,26.95,78,2,16720,22.25,0.25,1770,2
"226",2018-07-14,"Summer","No Holiday",0,0,25814,27.7,69,2,16030,21.65,0.465,1931,2
"227",2018-07-15,"Summer","No Holiday",0,0,22790,27.8,73,1.65,15925,21.75,0.405,1868,2
"228",2018-07-16,"Summer","No Holiday",0,0,26823,28,64,1.6,17900,20.4,0.465,1613,2
"229",2018-07-17,"Summer","No Holiday",0,0,28435,27.7,66.5,1.65,14030,20.7,0.465,1660,2
"230",2018-07-18,"Summer","No Holiday",0,0,27896,27.6,67.5,1.5,9445,20.6,0.47,1860,2
"231",2018-07-19,"Summer","No Holiday",0,0,27820,28.4,63.5,1.75,15490,20.65,0.46,1841,2
"232",2018-07-20,"Summer","No Holiday",0,0,26699,29.3,62,1.35,12300,21.1,0.465,1848,2
"233",2018-07-21,"Summer","No Holiday",0,0,21283,29.9,54.5,1.35,16595,19.9,0.465,1799,2
"234",2018-07-22,"Summer","No Holiday",0,0,18563,31.95,50.5,1.45,18705,19.4,0.38,1594,2
"235",2018-07-23,"Summer","No Holiday",0,0,24890,30.9,52.5,1.8,19265,20.7,0.34,1274,2
"236",2018-07-24,"Summer","No Holiday",0,0,24635,30.65,60,1.35,16880,22,0.38,1435,2
"237",2018-07-25,"Summer","No Holiday",0,0,25918,29.55,66.5,2.5,14490,22.75,0.165,1691,2
"238",2018-07-26,"Summer","No Holiday",0,0,24915,29.45,70.5,1.3,10625,23.35,0.22,1726,2
"239",2018-07-27,"Summer","No Holiday",0,0,23275,30.1,73.5,1.7,9595,24.35,0.325,1763,2
"240",2018-07-28,"Summer","No Holiday",0,7.5,16880,29.05,78.5,1.15,9630,25,0.125,1730,2
"241",2018-07-29,"Summer","No Holiday",0,0,18190,30.85,47.5,1.35,19610,20.25,0.435,1332,2
"242",2018-07-30,"Summer","No Holiday",0,0,23695,32.25,50,1.2,20000,20,0.35,1188,2
"243",2018-07-31,"Summer","No Holiday",0,0,22897,32.15,50.5,1.2,20000,19.95,0.35,1312,2
"244",2018-08-01,"Summer","No Holiday",0,0,20712,32.95,60.5,1.45,19080,22.35,0.37,1510,2
"245",2018-08-02,"Summer","No Holiday",0,0,20693,33.1,52.5,1.55,17680,22.35,0.33,1450,2
"246",2018-08-03,"Summer","No Holiday",0,0,20794,32.15,56.5,1.65,16290,22.85,0.285,1394,2
"247",2018-08-04,"Summer","No Holiday",0,0,18363,30.2,58.5,2.3,18110,22,0.36,1406,2
"248",2018-08-05,"Summer","No Holiday",0,2,17415,29.2,76.5,2.7,15215,24.3,0.115,1394,2
"249",2018-08-06,"Summer","No Holiday",0,6.5,19171,29.95,74,1.45,12920,24.8,0.095,1345,2
"250",2018-08-07,"Summer","No Holiday",0,0,23806,29.95,65.5,1.05,19905,22.15,0.315,1266,2
"251",2018-08-08,"Summer","No Holiday",0,0,23880,29.95,68.5,2.05,16940,23.8,0.28,1461,2
"252",2018-08-09,"Summer","No Holiday",0,2,21644,28.55,79.5,1.65,15670,24.35,0.14,1600,2
"253",2018-08-10,"Summer","No Holiday",0,0,23833,30.7,56.5,1.05,20000,21.2,0.24,1502,2
"254",2018-08-11,"Summer","No Holiday",0,0,20009,31.3,54.5,1.5,20000,20.5,0.215,1489,2
"255",2018-08-12,"Summer","No Holiday",0,5,17498,29.55,57,1.55,20000,20.55,0.135,1397,2
"256",2018-08-13,"Summer","No Holiday",0,1,22827,30.15,65,1.2,14320,23.5,0.235,1319,2
"257",2018-08-14,"Summer","No Holiday",0,0,23836,31.15,59,1.35,20000,22.2,0.23,1316,2
"258",2018-08-15,"Summer","Holiday",0,1,18565,29.75,67,1,19505,22.25,0.14,1501,2
"259",2018-08-16,"Summer","No Holiday",0,0,25329,28.3,47.5,1.95,20000,20.4,0.25,1425,2
"260",2018-08-17,"Summer","No Holiday",0,0,28820,26.5,41.5,1.8,20000,11.5,0.285,1393,2
"261",2018-08-18,"Summer","No Holiday",0,0,26398,26.55,46.5,1.3,20000,13.1,0.23,1662,2
"262",2018-08-19,"Summer","No Holiday",0,0,24547,27.6,56,0.95,20000,15.6,0.165,1707,2
"263",2018-08-20,"Summer","No Holiday",0,0,26827,29.15,57.5,1.9,18655,18.9,0.11,1624,2
"264",2018-08-21,"Summer","No Holiday",0,5,25133,26.8,69.5,2.6,18935,20.75,0.145,1653,2
"265",2018-08-22,"Summer","No Holiday",0,0,26072,31.65,50.5,1,19920,19.9,0.205,1641,2
"266",2018-08-23,"Summer","No Holiday",0,2.5,15958,29.85,55,1.75,20000,20,0.02,1633,2
"267",2018-08-24,"Summer","No Holiday",0,8,11658,24.55,85,2.45,19925,22,0.045,1440,2
"268",2018-08-25,"Summer","No Holiday",0,0,27302,24.35,71.5,2.4,19235,18.75,0.175,1054,2
"269",2018-08-26,"Summer","No Holiday",0,2,19310,22.6,69,1.05,19875,17.4,0.095,1287,2
"270",2018-08-27,"Summer","No Holiday",0,19.5,14435,22.3,89.5,0.8,12010,21.2,0.06,1691,2
"271",2018-08-28,"Summer","No Holiday",0,95.5,9092,23.45,95.5,0.75,17310,22.1,0.005,1381,2
"272",2018-08-29,"Summer","No Holiday",0,43,9184,24.6,86.5,2.85,19655,22.2,0,1180,2
"273",2018-08-30,"Summer","No Holiday",0,9.5,20959,24.9,77.5,1.85,10520,22.2,0.02,1032,2
"274",2018-08-31,"Summer","No Holiday",0,0.1,27817,24.3,74.5,1.65,18475,19.4,0.095,1132,2
"275",2018-09-01,"Autumn","No Holiday",0,0,26010,25.55,53.5,1.3,19830,15.95,0.11,1559,3
"276",2018-09-02,"Autumn","No Holiday",0,0,26881,25.4,56,1.45,20000,14.25,0.105,1674,3
"277",2018-09-03,"Autumn","No Holiday",0,34.5,10802,23.9,82,0.9,19055,20.95,0.015,1746,3
"278",2018-09-04,"Autumn","No Holiday",0,0,29529,22.55,62,2.65,20000,17.35,0.105,1377,3
"279",2018-09-05,"Autumn","No Holiday",0,0,31114,23.75,64,2.15,20000,15.05,0.14,1320,3
"280",2018-09-06,"Autumn","No Holiday",0,0,27838,24.45,71,2.3,16175,18.55,0.07,1951,3
"281",2018-09-07,"Autumn","No Holiday",0,1.5,30381,21.45,51,2.55,19755,13.15,0.105,1838,3
"282",2018-09-08,"Autumn","No Holiday",0,0,29813,21.8,50,1.6,20000,9.9,0.105,1793,3
"283",2018-09-09,"Autumn","No Holiday",0,0,28354,22,54,1.2,20000,9.9,0.045,1825,3
"284",2018-09-10,"Autumn","No Holiday",0,0,30781,22.4,49,1.6,20000,11.7,0.07,1734,3
"285",2018-09-11,"Autumn","No Holiday",0,0,31694,21.75,49.5,1.4,20000,9.9,0.05,1781,3
"286",2018-09-12,"Autumn","No Holiday",0,0,31809,22.65,55,1.3,20000,12.35,0.065,1904,3
"287",2018-09-13,"Autumn","No Holiday",0,0,30991,22.75,63,1.3,20000,15.5,0.03,1935,3
"288",2018-09-14,"Autumn","No Holiday",0,0.5,28199,23.65,67,1.25,20000,16.6,0.05,1930,3
"289",2018-09-15,"Autumn","No Holiday",0,0.2,25079,23.2,78,0.95,20000,18.5,0.025,1845,3
"290",2018-09-16,"Autumn","No Holiday",0,2,14178,22.4,86.5,1.7,5590,19.55,0.015,1935,3
"291",2018-09-17,"Autumn","No Holiday",0,0.1,30290,21.15,65.5,1.9,17105,14.65,0.055,1387,3
"292",2018-09-18,"Autumn","No Holiday",0,0,0,21.95,62.5,1.25,18860,13.7,0.055,1400,3
"293",2018-09-19,"Autumn","No Holiday",0,0.2,0,21.6,62,0.9,17780,14.1,0.015,1170,3
"294",2018-09-20,"Autumn","No Holiday",0,5,14282,19.05,79.5,1.7,17495,15.35,0,259,3
"295",2018-09-21,"Autumn","No Holiday",0,18,18266,19.1,82,1.35,20000,16.9,0.01,641,3
"296",2018-09-22,"Autumn","No Holiday",0,6.5,26398,19.6,64,1.25,18890,12.25,0.03,1178,3
"297",2018-09-23,"Autumn","Holiday",0,0,20060,18.8,55.5,1.2,20000,10.25,0.005,1425,3
"298",2018-09-24,"Autumn","Holiday",0,0,17259,17.1,50.5,2.15,20000,5.5,0.015,1435,3
"299",2018-09-25,"Autumn","Holiday",0,0,23350,17.85,48.5,1,20000,5.9,0.015,1211,3
"300",2018-09-26,"Autumn","No Holiday",0,0,28018,18.5,46,1.75,20000,7.9,0.015,1269,3
"301",2018-09-27,"Autumn","No Holiday",0,0,30789,18.3,48,1.35,20000,6.75,0.015,1518,3
"302",2018-09-28,"Autumn","No Holiday",0,0,0,17.25,56,1.35,20000,8.65,0.02,1769,3
"303",2018-09-29,"Autumn","No Holiday",0,0,31447,19.7,54.5,1,20000,10.45,0.01,1116,3
"304",2018-09-30,"Autumn","No Holiday",0,0,0,17.4,56.5,2.15,20000,9.6,0.015,934,3
"305",2018-10-01,"Autumn","No Holiday",0,0,27909,14.75,56,2.75,20000,5.15,0.015,1158,3
"306",2018-10-02,"Autumn","No Holiday",0,0,0,15.85,65.5,1.75,19210,7.8,0.01,858,3
"307",2018-10-03,"Autumn","Holiday",0,0,30349,17.1,60,1.2,19720,8.7,0.01,1040,3
"308",2018-10-04,"Autumn","No Holiday",0,0,0,19.6,57.5,1.4,20000,9.1,0.005,948,3
"309",2018-10-05,"Autumn","No Holiday",0,35.5,4522,16.9,89.5,1.75,12865,14.5,0,1283,3
"310",2018-10-06,"Autumn","No Holiday",0,56.5,16037,17.25,89,2.3,19995,15.05,0,531,3
"311",2018-10-07,"Autumn","No Holiday",0,0,27614,16.1,51,1.6,19990,8.1,0.015,894,3
"312",2018-10-08,"Autumn","No Holiday",0,0,29362,14.7,46.5,1.05,20000,3,0.005,1408,3
"313",2018-10-09,"Autumn","Holiday",0,0,0,16.5,52.5,1.05,20000,4.75,0,1743,3
"314",2018-10-10,"Autumn","No Holiday",0,7,24410,12.9,52.5,2.75,19995,2.15,0,1066,3
"315",2018-10-11,"Autumn","No Holiday",0,0,24526,9.05,50.5,1.8,20000,-0.95,0.005,785,3
"316",2018-10-12,"Autumn","No Holiday",0,0,26237,10.75,56.5,1.2,19975,0.9,0.005,1506,3
"317",2018-10-13,"Autumn","No Holiday",0,0,25542,12.15,56,1.1,13485,3.3,0.005,1659,3
"318",2018-10-14,"Autumn","No Holiday",0,0,24349,13.4,60.5,1.15,11240,3.6,0.005,1705,3
"319",2018-10-15,"Autumn","No Holiday",0,0,26198,14.45,75.5,1.45,8100,8.8,0,1756,3
"320",2018-10-16,"Autumn","No Holiday",0,0,26956,13.95,63,1.15,14465,4.7,0,1640,3
"321",2018-10-17,"Autumn","No Holiday",0,0,26502,11.85,54.5,1.15,18220,1.4,0,1680,3
"322",2018-10-18,"Autumn","No Holiday",0,0,26504,12.1,60,1,20000,4.45,0,1621,3
"323",2018-10-19,"Autumn","No Holiday",0,0,27437,12.8,56,1.5,20000,3,0,1599,3
"324",2018-10-20,"Autumn","No Holiday",0,0,25355,12.85,56.5,1.15,17480,3.6,0,1676,3
"325",2018-10-21,"Autumn","No Holiday",0,0,23906,12.6,54,1.15,16275,2.95,0,1678,3
"326",2018-10-22,"Autumn","No Holiday",0,0,26075,13.05,53.5,0.85,9645,2.95,0,1693,3
"327",2018-10-23,"Autumn","No Holiday",0,5,21601,12,70.5,0.95,8500,7.45,0,1699,3
"328",2018-10-24,"Autumn","No Holiday",0,0,26418,11.85,69,1.15,14225,6.15,0,1608,3
"329",2018-10-25,"Autumn","No Holiday",0,0,27258,13.5,54.5,1,16450,4.35,0,1541,3
"330",2018-10-26,"Autumn","No Holiday",0,11,13377,12.6,71,1.2,16180,6.4,0,1772,3
"331",2018-10-27,"Autumn","No Holiday",0,0,18398,9,50,3.35,20000,-2.1,0,1346,3
"332",2018-10-28,"Autumn","No Holiday",0,5.5,11589,7.45,75,1.2,20000,5.2,0,1068,3
"333",2018-10-29,"Autumn","No Holiday",0,0,19877,6.25,58,2,20000,-0.35,0,1005,3
"334",2018-10-30,"Autumn","No Holiday",0,0,20822,7.55,52,1.5,20000,-4.65,0,1037,3
"335",2018-10-31,"Autumn","No Holiday",0,0,21545,7.15,58.5,1.8,19970,-0.9,0,1270,3
"336",2018-11-01,"Autumn","No Holiday",0,0,22964,8.2,57,1.25,18905,-1.25,0,1390,3
"337",2018-11-02,"Autumn","No Holiday",0,0,24077,10,56,1.2,14255,0.85,0,1452,3
"338",2018-11-03,"Autumn","No Holiday",0,0,0,10.5,62.5,1.2,10430,1.75,0,1549,3
"339",2018-11-04,"Autumn","No Holiday",0,0,20471,11.15,60,1.2,12555,1.7,0,1018,3
"340",2018-11-05,"Autumn","No Holiday",0,0,23472,11.7,75,1.1,6595,5.1,0,905,3
"341",2018-11-06,"Autumn","No Holiday",0,0,0,12.25,73,0.9,3915,6.2,0,1608,3
"342",2018-11-07,"Autumn","No Holiday",0,2,16525,12.65,77,1.15,5480,9.35,0,1168,3
"343",2018-11-08,"Autumn","No Holiday",0,46,1721,11.5,95,1.8,6900,10.35,0,898,3
"344",2018-11-09,"Autumn","No Holiday",0,19,0,11.4,71.5,3.05,9200,6.7,0,1046,3
"345",2018-11-10,"Autumn","No Holiday",0,0,18473,11.25,77,1.2,3915,6.95,0,569,3
"346",2018-11-11,"Autumn","No Holiday",0,0,13138,8.45,69,0.8,3670,3.5,0,883,3
"347",2018-11-12,"Autumn","No Holiday",0,0,21003,7.95,52.5,1.2,18155,-1.3,0,1101,3
"348",2018-11-13,"Autumn","No Holiday",0,0,21992,8.3,49.5,0.85,15935,-0.55,0,1116,3
"349",2018-11-14,"Autumn","No Holiday",0,0,22707,9.2,53.5,0.85,13645,0.95,0,1424,3
"350",2018-11-15,"Autumn","No Holiday",0,0,21502,8.65,55,1.05,9610,0.45,0,1518,3
"351",2018-11-16,"Autumn","No Holiday",0,0,20660,7.8,64,1.25,7025,1.05,0,1566,3
"352",2018-11-17,"Autumn","No Holiday",0,0,15689,4.55,45,1.35,16765,-5.5,0,1367,3
"353",2018-11-18,"Autumn","No Holiday",0,0,14319,6.9,49,0.9,17135,-5.2,0,1200,3
"354",2018-11-19,"Autumn","No Holiday",0,0,18956,5.95,51.5,1.05,10415,-1.55,0,1091,3
"355",2018-11-20,"Autumn","No Holiday",0,0,19127,8,38.5,1.6,18525,-8.45,0,1064,3
"356",2018-11-21,"Autumn","No Holiday",0,1.2,15732,6.5,53,0.85,18770,-2.6,0,1197,3
"357",2018-11-22,"Autumn","No Holiday",0,0,16496,2.55,38,2.55,20000,-11.7,0,1096,3
"358",2018-11-23,"Autumn","No Holiday",0,0,16314,2.05,29,1.3,20000,-14.4,0,977,3
"359",2018-11-24,"Autumn","No Holiday",787,10.9,6477,2.6,84.5,1.7,10460,0,0,1844,3
"360",2018-11-25,"Autumn","No Holiday",414,0,11212,4.1,81.5,0.95,4295,0.75,0,1864,3
"361",2018-11-26,"Autumn","No Holiday",29,0,17162,5.8,70.5,1.1,4675,1,0,1258,3
"362",2018-11-27,"Autumn","No Holiday",0,0,16282,6.5,73,1.2,3725,1.35,0,1290,3
"363",2018-11-28,"Autumn","No Holiday",0,0,16524,4.6,26,1.6,14640,-12.95,0,1119,3
"364",2018-11-29,"Autumn","No Holiday",0,0,16423,2.8,35.5,1,15440,-11.3,0,1095,3
"365",2018-11-30,"Autumn","No Holiday",0,0,16297,2,43,1.3,14100,-7.8,0,1096,3
